Name,Score,Age,Subject,Sex,ID
AI-KYUNG CHUNG,82.0,18,Data Structue,M,1
ALAN HARVEY,79.0,19,Data Structue,M,2
ALAN REYNAUD,39.0,19,Data Structue,M,3
ALBERT CENDANA,76.0,18,Data Structue,M,4
ALBERT HOLT JR,76.0,18,Data Structue,F,5
ALBERT PARDINI,89.0,20,Data Structue,M,6
ALBERT YU,89.0,18,Data Structue,M,7
ALBERTO PEDRUCO,59.0,19,Data Structue,M,8
ALEC BALMY,82.0,18,Data Structue,M,9
ALEETA VAN RUNKLE,82.0,19,Data Structue,F,10
ALEX TSE,47.0,20,Data Structue,M,11
ALEXANDER CHEN,47.0,20,Data Structue,M,12
ALEXANDER KWAN,60.0,19,Data Structue,M,13
ALEXIS GOLDNER,82.0,18,Data Structue,M,14
ALLEN TURPIN,82.0,21,Data Structue,F,15
ALSON LEE,76.0,20,Data Structue,M,16
ALVIN LAU,25.0,18,Data Structue,M,17
AMEN CHOW,89.0,18,Data Structue,M,18
AMPARO RODRIGUEZ,85.0,18,Data Structue,M,19
AMY BROWN,60.0,18,Data Structue,F,20
AMY HART,76.0,18,Data Structue,M,21
ANA SAMPERA,60.0,18,Data Structue,M,22
ANDRE ANDREWS SR,69.0,18,Data Structue,M,23
ANDRE WILLIAMS,59.0,19,Data Structue,M,24
ANDREW LOGAN,85.0,20,Data Structue,F,25
ANDREW SAITZ,85.0,18,Data Structue,M,26
ANDY ZANOFF,47.0,20,Data Structue,M,27
ANGELA PLATZER,85.0,20,Data Structue,M,28
ANN MANNIX,82.0,21,Data Structue,M,29
ANNA BROWN,79.0,19,Data Structue,F,30
ANNE KRONENBERG,69.0,20,Data Structue,M,31
ANNETTE HOBRUCKER-PFEIFER,60.0,21,Data Structue,M,32
ANTHONY DUMONT,39.0,19,Data Structue,M,33
ANTHONY ROBINSON,,18,Data Structue,M,34
ANTONIO FLORES,47.0,20,Data Structue,F,35
ANTONIO PARRA,59.0,19,Data Structue,M,36
ANTONIO SANTIAGO,47.0,18,Data Structue,M,37
ARNIE LEE,69.0,20,Data Structue,M,38
ARNOLD CHOY,39.0,18,Data Structue,M,39
ARTHUR BORGES,60.0,19,Data Structue,F,40
ARTHUR KENNEY,69.0,20,Data Structue,M,41
ARTHUR STELLINI,89.0,20,Data Structue,M,42
ATTICA BOWDEN,59.0,21,Data Structue,M,43
BARBARA GARCIA,79.0,18,Data Structue,M,44
BARBARA HALE,76.0,20,Data Structue,F,45
BARBARA SCHULTHEIS,59.0,21,Data Structue,M,46
BARRY BLOOM,79.0,21,Data Structue,M,47
BENJAMIN ROSENFIELD,76.0,18,Data Structue,M,48
BERGLIOTH MATHEWS,59.0,18,Data Structue,M,49
BERT REYES,60.0,19,Data Structue,F,50
BOND YEE,76.0,18,Data Structue,M,51
BONNIE TAYLOR,82.0,19,Data Structue,M,52
BRADEN WOODS,39.0,19,Data Structue,M,53
BRENDAN MCGORRIN,89.0,20,Data Structue,M,54
BRENDAN WARD,82.0,21,Data Structue,F,55
BRIAN DELAHUNTY,85.0,18,Data Structue,M,56
BRIAN MURPHY,47.0,20,Data Structue,M,57
BRIAN PHILPOTT,69.0,20,Data Structue,M,58
BRODERICK TOPPS,69.0,20,Data Structue,M,59
BRONWYN GUNDOGDU,89.0,18,Data Structue,F,60
BROOK MANCINELLI,82.0,19,Data Structue,M,61
BRYAN MAR,47.0,18,Data Structue,M,62
BRYAN RUBENSTEIN,76.0,20,Data Structue,M,63
BURK DELVENTHAL,76.0,18,Data Structue,M,64
C PETRUZZELLA,79.0,21,Data Structue,F,65
CANTREZ TRIPLETT,39.0,21,Data Structue,M,66
CARL FABBRI,69.0,20,Data Structue,M,67
CARL JEPSEN,60.0,21,Data Structue,M,68
CARLOS GUTIERREZ,39.0,19,Data Structue,M,69
CATHERINE JAMES,69.0,20,Data Structue,F,70
CHAD LAW,47.0,20,Data Structue,M,71
CHARLES CRANE,59.0,21,Data Structue,M,72
CHARLES SCOTT,47.0,20,Data Structue,M,73
CHARLES STINSON,79.0,19,Data Structue,M,74
CHARLIE ORKES,76.0,18,Data Structue,F,75
CHRIS VEIN,89.0,20,Data Structue,M,76
CHRISTIANE HAYASHI,60.0,19,Data Structue,M,77
CHRISTINE WINKLER,47.0,20,Data Structue,M,78
CHRISTOPHER CHONG,59.0,18,Data Structue,M,79
CHRISTOPHER HAZEN,79.0,19,Data Structue,F,80
CHUTEH KOTAKE,82.0,19,Data Structue,M,81
CLEMENTINO AVILA II,89.0,18,Data Structue,M,82
CLYDE CHRISTOBAL,47.0,20,Data Structue,M,83
COLLEEN RILEY,39.0,19,Data Structue,M,84
CRISTINA REYES,39.0,21,Data Structue,F,85
CROCE CASCIATO,79.0,18,Data Structue,M,86
CURTIS LUM,,19,Data Structue,M,87
DALE CARNES,79.0,21,Data Structue,M,88
DAMON HART,39.0,18,Data Structue,M,89
DANIEL ARMENTA,39.0,21,Data Structue,F,90
DANIEL COX,79.0,19,Data Structue,M,91
DANIEL CUNNINGHAM,82.0,19,Data Structue,M,92
DANIEL DEDET,79.0,19,Data Structue,M,93
DANIEL MAHONEY,85.0,18,Data Structue,M,94
DANIEL MOLLOY,59.0,19,Data Structue,F,95
DANIEL SCDORIS,69.0,18,Data Structue,M,96
DANIEL YONTS,82.0,19,Data Structue,M,97
DARCY KELLER,89.0,18,Data Structue,M,98
DARREN CHOY,59.0,21,Data Structue,M,99
DARRYL HUNTER,59.0,19,Data Structue,F,100
DAVID BRIGGS,39.0,18,Data Structue,M,101
DAVID FRANKLIN,47.0,20,Data Structue,M,102
DAVID HAWKINS,89.0,18,Data Structue,M,103
DAVID KUSHNER,60.0,21,Data Structue,M,104
DAVID LAZAR,76.0,18,Data Structue,F,105
DAVID OWEN,59.0,19,Data Structue,M,106
DAVID PFEIFER,39.0,21,Data Structue,M,107
DAVID SHINN,79.0,21,Data Structue,M,108
DAVID SULLIVAN,39.0,19,Data Structue,M,109
DAVID THOMPSON,79.0,21,Data Structue,F,110
DAVID ZWYER,59.0,21,Data Structue,M,111
DEBBIE TAM,79.0,18,Data Structue,M,112
DEBORAH BORNE,82.0,19,Data Structue,M,113
DEBORAH JETER,39.0,19,Data Structue,M,114
DEBORAH LOGAN,89.0,20,Data Structue,F,115
DEBRA JOHNSON,82.0,21,Data Structue,M,116
DENIS JOYCE,69.0,18,Data Structue,M,117
DENIS OLEARY,47.0,20,Data Structue,M,118
DENISE BAILEY,76.0,20,Data Structue,M,119
DENISE NEWMAN,79.0,21,Data Structue,F,120
DENISE SCHMITT,85.0,18,Data Structue,M,121
DENNIS HERRERA,82.0,18,Data Structue,M,122
DENNIS MARTINEZ,79.0,21,Data Structue,M,123
DENNIS O'NEILL,39.0,19,Data Structue,M,124
DENNIS SUTTER,47.0,18,Data Structue,F,125
DEREK WING,89.0,20,Data Structue,M,126
DERIO DITO,39.0,21,Data Structue,M,127
DIANA GUEVARA,69.0,20,Data Structue,M,128
DOMINIC CELAYA,60.0,21,Data Structue,M,129
DONALD BRYANT,69.0,18,Data Structue,F,130
DONALD FIELDS,60.0,18,Data Structue,M,131
DONALD MARGOLIS,69.0,20,Data Structue,M,132
DONALDSON SHUMPERT,47.0,18,Data Structue,M,133
DONNA LEE,79.0,18,Data Structue,M,134
DONNA MEIXNER,79.0,18,Data Structue,F,135
DONNIE HORNBUCKLE,59.0,21,Data Structue,M,136
DOUGLAS MCEACHERN,59.0,21,Data Structue,M,137
DOUGLAS RIBA,85.0,20,Data Structue,M,138
DUSTIN NOVO,79.0,21,Data Structue,M,139
DWAYNE CURRY,,21,Data Structue,F,140
EDGAR CALLEJAS,76.0,18,Data Structue,M,141
EDGAR GONZALEZ,89.0,20,Data Structue,M,142
EDMUND DEA,79.0,18,Data Structue,M,143
EDMUND VAIL,60.0,18,Data Structue,M,144
EDUARDO GONZALEZ,82.0,21,Data Structue,F,145
EDWARD CAMPBELL,76.0,20,Data Structue,M,146
EDWARD CHEUNG,47.0,18,Data Structue,M,147
EDWARD CHU,82.0,19,Data Structue,M,148
EDWARD DELCARLO,39.0,18,Data Structue,M,149
EDWARD DENNIS,59.0,21,Data Structue,F,150
EDWARD HARRINGTON,89.0,18,Data Structue,M,151
EDWARD REISKIN,25.0,18,Data Structue,M,152
EDWARD ROLAND,60.0,18,Data Structue,M,153
EDWIN LEE,39.0,19,Data Structue,M,154
EHRHARDT GROOTHOFF,47.0,18,Data Structue,F,155
ELAINE COLEMAN,39.0,19,Data Structue,M,156
ELISA RAMIREZ,47.0,18,Data Structue,M,157
ELIZABETH JOHNSON,85.0,18,Data Structue,M,158
ELLEN APOLINARIO,79.0,19,Data Structue,M,159
ELLEN LEVIN,47.0,18,Data Structue,F,160
ELLEN MOFFATT,82.0,18,Data Structue,M,161
ERIBERTO ISON,,18,Data Structue,M,162
ERIC CRANSTON,76.0,18,Data Structue,M,163
ERIKA HOO,79.0,19,Data Structue,M,164
ERNEST JOHNSON,39.0,18,Data Structue,F,165
EUGENE GALEANO,76.0,20,Data Structue,M,166
EVETTE GEER-STEVENS,85.0,18,Data Structue,M,167
FE HORTINELA,59.0,19,Data Structue,M,168
FERDINAND CADELINA,59.0,19,Data Structue,M,169
FERDINAND MENESES,69.0,18,Data Structue,F,170
FERNANDO DEALBA,82.0,18,Data Structue,M,171
FLAVIA BAYATI,59.0,18,Data Structue,M,172
FLOYD ROLLINS,47.0,20,Data Structue,M,173
FRANK CARDINALE,82.0,19,Data Structue,M,174
FRANK HSIEH,39.0,19,Data Structue,F,175
FRANK KOSTA,89.0,18,Data Structue,M,176
FREDERICK BINKLEY,69.0,18,Data Structue,M,177
FUAD SWEISS,47.0,20,Data Structue,M,178
GARRET TOM,47.0,18,Data Structue,M,179
GARY AMELIO,89.0,18,Data Structue,F,180
GARY CONSTANTINE,89.0,20,Data Structue,M,181
GARY JIMENEZ,79.0,19,Data Structue,M,182
GAVIN ESTUPINIAN,82.0,19,Data Structue,M,183
GEORGE FOURAS,82.0,19,Data Structue,M,184
GEORGE GARCIA,89.0,20,Data Structue,F,185
GEORGE GASCON,69.0,20,Data Structue,M,186
GEORGE LYSENKO,69.0,20,Data Structue,M,187
GERALD DARCY,89.0,20,Data Structue,M,188
GERALD MANSUR JR,85.0,20,Data Structue,M,189
GERARDO PINTO,76.0,18,Data Structue,F,190
GHODSI DAVARY,79.0,19,Data Structue,M,191
GLEN KOJIMOTO,85.0,18,Data Structue,M,192
GLENN KIRCHER,79.0,19,Data Structue,M,193
GLENN MAR,79.0,21,Data Structue,M,194
GLENN ORTIZ-SCHULDT,85.0,20,Data Structue,F,195
GLORIA GARCIA ORME,85.0,18,Data Structue,M,196
GRAD GREEN,79.0,21,Data Structue,M,197
GREGORY CACHARELIS,89.0,20,Data Structue,M,198
GREGORY CORRALES,82.0,21,Data Structue,M,199
GREGORY MAR,47.0,18,Data Structue,F,200
GREGORY MCFARLAND,60.0,18,Data Structue,M,201
GREGORY STANGLAND,85.0,20,Data Structue,M,202
GREGORY SUHR,39.0,19,Data Structue,M,203
GUY GOODWIN,79.0,19,Data Structue,M,204
HAGOP HAJIAN,76.0,18,Data Structue,F,205
HANS VIGIL,60.0,19,Data Structue,M,206
HARLAN KELLY-JR,69.0,20,Data Structue,M,207
HAROLD BYRD,69.0,18,Data Structue,M,208
HARRY PINKARD,89.0,18,Data Structue,M,209
HARVEY ELWIN,60.0,19,Data Structue,F,210
HENRY LARKIN,60.0,21,Data Structue,M,211
HERALIO SERRANO,82.0,19,Data Structue,M,212
HERBERT CARNEY,82.0,19,Data Structue,M,213
HERBERT HENLEY,69.0,18,Data Structue,M,214
IRENE SUNG,60.0,19,Data Structue,F,215
IVAR SATERO,,19,Data Structue,M,216
JACK CHOW,76.0,20,Data Structue,M,217
JACKSON WONG,76.0,18,Data Structue,M,218
JALAL AINEB,39.0,19,Data Structue,M,219
JAMES BLAKE,89.0,18,Data Structue,F,220
JAMES BOSCH,60.0,19,Data Structue,M,221
JAMES CALONICO,79.0,21,Data Structue,M,222
JAMES DEIGNAN,76.0,18,Data Structue,M,223
JAMES DUDLEY,85.0,18,Data Structue,M,224
JAMES EMERY,79.0,21,Data Structue,F,225
JAMES FAZACKERLEY,89.0,20,Data Structue,M,226
JAMES FLORES,47.0,20,Data Structue,M,227
JAMES HARRIGAN,85.0,20,Data Structue,M,228
JAMES MILLER,39.0,19,Data Structue,M,229
JAMES SPILLANE,59.0,18,Data Structue,F,230
JAMES VANNUCCHI,69.0,20,Data Structue,M,231
JANET HINES,85.0,18,Data Structue,M,232
JASON PAW,47.0,20,Data Structue,M,233
JAY HUISH,47.0,18,Data Structue,M,234
JAY KLOO,47.0,18,Data Structue,F,235
JEFF COLUMBINI,89.0,18,Data Structue,M,236
JEFF IWASAKI,69.0,20,Data Structue,M,237
JEFFREY ADACHI,89.0,20,Data Structue,M,238
JEFFREY BARDEN,76.0,18,Data Structue,M,239
JEFFREY MYERS,47.0,18,Data Structue,F,240
JENNIFER DEBERRY,89.0,18,Data Structue,M,241
JENNIFER MATZ,69.0,20,Data Structue,M,242
JERRY COLEMAN,60.0,18,Data Structue,M,243
JESSE SMITH,85.0,20,Data Structue,M,244
JESUS PENA,85.0,20,Data Structue,F,245
JILL LECOUNT,79.0,18,Data Structue,M,246
JIM GIANG,69.0,20,Data Structue,M,247
JIM HALL III,60.0,18,Data Structue,M,248
JIMMIE LEW,69.0,20,Data Structue,M,249
JOANNE HAYES-WHITE,82.0,19,Data Structue,F,250
JOANNE HOEPER,82.0,18,Data Structue,M,251
JOHN BARKER,76.0,20,Data Structue,M,252
JOHN BRAGAGNOLO,59.0,18,Data Structue,M,253
JOHN BROWN,39.0,19,Data Structue,M,254
JOHN BUCHANAN JR,79.0,18,Data Structue,F,255
JOHN CAVANAUGH,59.0,19,Data Structue,M,256
JOHN CREMEN,69.0,20,Data Structue,M,257
JOHN EHRLICH,69.0,18,Data Structue,M,258
JOHN FEENEY,47.0,20,Data Structue,M,259
JOHN FLORES,39.0,18,Data Structue,F,260
JOHN GARRITY,85.0,18,Data Structue,M,261
JOHN GOLDBERG,89.0,18,Data Structue,M,262
JOHN HALEY JR,89.0,18,Data Structue,M,263
JOHN HANLEY,76.0,20,Data Structue,M,264
JOHN HART,47.0,18,Data Structue,F,265
JOHN HICKEY,60.0,21,Data Structue,M,266
JOHN KOSTA,39.0,19,Data Structue,M,267
JOHN LOFTUS,76.0,20,Data Structue,M,268
JOHN MARTIN,59.0,19,Data Structue,M,269
JOHN MURPHY,59.0,19,Data Structue,F,270
JOHN MURPHY,82.0,21,Data Structue,M,271
JOHN NESTOR,76.0,20,Data Structue,M,272
JOHN RAHAIM,89.0,18,Data Structue,M,273
JOHN ROCCO,47.0,20,Data Structue,M,274
JOHN SANFORD JR,85.0,18,Data Structue,F,275
JOHN STANFIELD,59.0,19,Data Structue,M,276
JOHN TURSI,59.0,19,Data Structue,M,277
JOHN VAN KOLL,85.0,18,Data Structue,M,278
JOHNSON YOU,60.0,18,Data Structue,M,279
JON WALTON,59.0,19,Data Structue,F,280
JONATHAN BAXTER,39.0,19,Data Structue,M,281
JONES WONG,85.0,20,Data Structue,M,282
JOSE CASTILLO,39.0,21,Data Structue,M,283
JOSE VELO,47.0,20,Data Structue,M,284
JOSEPH CUFF,69.0,18,Data Structue,F,285
JOSEPH DRISCOLL,47.0,18,Data Structue,M,286
JOSEPH FISCHER-III,89.0,18,Data Structue,M,287
JOSEPH FONG,89.0,18,Data Structue,M,288
JOSEPH MAYERS,79.0,19,Data Structue,M,289
JOSEPH WOODS,85.0,20,Data Structue,F,290
JOSEPHINE RAPADAS,60.0,19,Data Structue,M,291
JOSHUA BAMBERGER,89.0,20,Data Structue,M,292
JOSHUA KUMLI,82.0,19,Data Structue,M,293
JUDY MELINEK,79.0,19,Data Structue,M,294
JULIA M C FRIEDLANDER,60.0,18,Data Structue,F,295
JULIE LABONTE,89.0,20,Data Structue,M,296
JULIE VAN NOSTERN,85.0,18,Data Structue,M,297
JULIET ELLIS,89.0,20,Data Structue,M,298
JULIO ESCOBAR,79.0,18,Data Structue,M,299
JUNE CRAVET,85.0,18,Data Structue,F,300
KANDACE BENDER,58.0,19,Data Structue,M,301
KAREN ROYE,47.0,18,Data Structue,M,302
KARL JURGENSON,79.0,19,Data Structue,M,303
KATE HERRMAN STACY,60.0,21,Data Structue,M,304
KATHLEEN MAXWELL,47.0,20,Data Structue,F,305
KATHRYN BALLOU,76.0,20,Data Structue,M,306
KATHRYN FOWLER,69.0,18,Data Structue,M,307
KATHRYN HOW,69.0,18,Data Structue,M,308
KEITH SANFORD,58.0,19,Data Structue,M,309
KEN YEE,82.0,19,Data Structue,F,310
KENNETH CORDERO,85.0,20,Data Structue,M,311
KENNETH SMITH,69.0,18,Data Structue,M,312
KEVIN BARRY,60.0,21,Data Structue,M,313
KEVIN BURKE,76.0,18,Data Structue,M,314
KEVIN CASHMAN,39.0,21,Data Structue,F,315
KEVIN JONES,60.0,19,Data Structue,M,316
KEVIN KUHN,60.0,19,Data Structue,M,317
KEVIN LABANOWSKI,85.0,20,Data Structue,M,318
KEVIN SMITH,60.0,19,Data Structue,M,319
KEVIN TAYLOR,69.0,18,Data Structue,F,320
KHAIRUL ALI,85.0,20,Data Structue,M,321
KHOA TRINH,39.0,18,Data Structue,M,322
KIMIKO BURTON,69.0,18,Data Structue,M,323
KIRK RICHARDSON,69.0,20,Data Structue,M,324
KIRSTEN BARASH,59.0,21,Data Structue,F,325
L MILITELLO,60.0,19,Data Structue,M,326
LAN LEE,79.0,19,Data Structue,M,327
LARRY MITCHELL,59.0,21,Data Structue,M,328
LAUIFI SEUMAALA,89.0,20,Data Structue,M,329
LAURENCE RAMLAN,89.0,18,Data Structue,F,330
LAWRENCE FREED,89.0,18,Data Structue,M,331
LAWRENCE LEE,47.0,20,Data Structue,M,332
LAWRENCE NICHOLLS,60.0,19,Data Structue,M,333
LENETTE THOMPSON,60.0,18,Data Structue,M,334
LENORA JACOBS,47.0,20,Data Structue,F,335
LEON KUO,89.0,20,Data Structue,M,336
LEON WHITE,85.0,20,Data Structue,M,337
LEONARD BROBERG,59.0,19,Data Structue,M,338
LEONARDO FERMIN,82.0,18,Data Structue,M,339
LESLIE DUBBIN,82.0,21,Data Structue,F,340
LINDA ROSS,59.0,19,Data Structue,M,341
LISA GOLDEN,60.0,19,Data Structue,M,342
LISA HOFFMANN,60.0,21,Data Structue,M,343
LISETTE ADAMS,39.0,18,Data Structue,M,344
LORI BORGHI,82.0,21,Data Structue,F,345
LORRIE KALOS,89.0,20,Data Structue,M,346
LOUIS CASSANEGO,60.0,19,Data Structue,M,347
LUIS HERRERA,85.0,18,Data Structue,M,348
LUIS IBARRA-RIVERA,79.0,19,Data Structue,M,349
LYN TOMIOKA,59.0,19,Data Structue,F,350
MADONNA VALENCIA,69.0,18,Data Structue,M,351
MAGALY SAADE,25.0,18,Data Structue,M,352
MAMI SUZUKI-VIDALON,59.0,18,Data Structue,M,353
MANUEL PEGUEROS,89.0,18,Data Structue,M,354
MARGARET CALLAHAN,76.0,20,Data Structue,F,355
MARGARET HANNAFORD,76.0,18,Data Structue,M,356
MARGARET RYKOWSKI,59.0,18,Data Structue,M,357
MARIA BEE,82.0,21,Data Structue,M,358
MARISA MORET,69.0,18,Data Structue,M,359
MARK CASTAGNOLA,39.0,21,Data Structue,F,360
MARK GAMBLE,39.0,18,Data Structue,M,361
MARK GONZALES,69.0,20,Data Structue,M,362
MARK HERNANDEZ,82.0,19,Data Structue,M,363
MARK JOHNSON,79.0,19,Data Structue,M,364
MARK KEARNEY,60.0,19,Data Structue,F,365
MARK SENORES,60.0,18,Data Structue,M,366
MARK SMITH,69.0,20,Data Structue,M,367
MARK SOLOMON,69.0,20,Data Structue,M,368
MARTIEN VERHAEG,39.0,19,Data Structue,M,369
MARTIN BELTRAN,85.0,20,Data Structue,F,370
MARTIN GRAN,85.0,18,Data Structue,M,371
MARTIN HALLORAN,76.0,18,Data Structue,M,372
MARTIN LALOR JR,69.0,20,Data Structue,M,373
MARTY ROSS,85.0,20,Data Structue,M,374
MARY TSE,82.0,19,Data Structue,F,375
MASAE KAWAMURA,82.0,21,Data Structue,M,376
MATTHEW CANNON,60.0,19,Data Structue,M,377
MATTHEW MCNAUGHTON,89.0,18,Data Structue,M,378
MATTHEW ROTHSCHILD,39.0,18,Data Structue,M,379
MELANY BRANDON,47.0,20,Data Structue,F,380
MELISSA LERMA,85.0,20,Data Structue,M,381
MERCEDES GERMAN,69.0,18,Data Structue,M,382
MICHAEL AHERN,60.0,21,Data Structue,M,383
MICHAEL BELLO,60.0,19,Data Structue,M,384
MICHAEL BIEL,85.0,20,Data Structue,F,385
MICHAEL BROWNE,79.0,18,Data Structue,M,386
MICHAEL BRYANT,76.0,20,Data Structue,M,387
MICHAEL CARLIN,60.0,19,Data Structue,M,388
MICHAEL CASTAGNOLA,69.0,18,Data Structue,M,389
MICHAEL COLEMAN,85.0,18,Data Structue,F,390
MICHAEL CONNOLLY,39.0,19,Data Structue,M,391
MICHAEL DALY,76.0,20,Data Structue,M,392
MICHAEL DELANE,85.0,20,Data Structue,M,393
MICHAEL DRENNAN,69.0,18,Data Structue,M,394
MICHAEL DUDOROFF,76.0,20,Data Structue,F,395
MICHAEL ELLIS,89.0,20,Data Structue,M,396
MICHAEL GONZALES,82.0,19,Data Structue,M,397
MICHAEL HENNESSEY,59.0,19,Data Structue,M,398
MICHAEL KEARNEY,79.0,21,Data Structue,M,399
MICHAEL MORRIS,85.0,18,Data Structue,F,400
MICHAEL MOYNIHAN,85.0,20,Data Structue,M,401
MICHAEL PHILPOTT,47.0,20,Data Structue,M,402
MICHAEL QUAN,89.0,20,Data Structue,M,403
MICHAEL ROLOVICH,89.0,18,Data Structue,M,404
MICHAEL SIMMONS,47.0,18,Data Structue,F,405
MICHAEL SMITH,39.0,19,Data Structue,M,406
MICHAEL THOMPSON,69.0,18,Data Structue,M,407
MICHAEL THOMPSON,59.0,18,Data Structue,M,408
MICHAEL WALSH,39.0,19,Data Structue,M,409
MICHAEL WHOOLEY,76.0,18,Data Structue,F,410
MIKAIL ALI,76.0,18,Data Structue,M,411
MIKE BREILING,60.0,19,Data Structue,M,412
MILTON ESTES,59.0,21,Data Structue,M,413
MIRIAM DAMON,60.0,19,Data Structue,M,414
MITCHELL LEE,89.0,18,Data Structue,F,415
MIVIC HIROSE,39.0,21,Data Structue,M,416
MOHAMMED NURU,59.0,19,Data Structue,M,417
MONICA FIELDS,,19,Data Structue,M,418
MONIQUE MOYER,59.0,19,Data Structue,M,419
MONIQUE ZMUDA,79.0,18,Data Structue,F,420
MORGAN PETITI,69.0,18,Data Structue,M,421
MYO CHANG,76.0,20,Data Structue,M,422
NANCY LEW,76.0,20,Data Structue,M,423
NANCY PARKER,60.0,21,Data Structue,M,424
NATHAN HARDY,79.0,19,Data Structue,F,425
NATHANIEL FORD,69.0,18,Data Structue,M,426
NEIL SWENDSEN,85.0,20,Data Structue,M,427
NELA PONFERRADA,59.0,19,Data Structue,M,428
NELSON ACETO,76.0,20,Data Structue,M,429
NEREE DASTOUS,39.0,18,Data Structue,F,430
NICHOLAS COLANGELO,89.0,20,Data Structue,M,431
NICOL JURATOVAC,82.0,18,Data Structue,M,432
NICOLETTE DIVECCHIO,47.0,18,Data Structue,M,433
NIKOLAS LEMOS,76.0,18,Data Structue,M,434
NOEL MORONEY,60.0,19,Data Structue,F,435
NOREEN AMBROSE,85.0,20,Data Structue,M,436
OLLIE BANKS,39.0,18,Data Structue,M,437
OSCAR CABRERA,47.0,18,Data Structue,M,438
OWEN CLEMENTS,79.0,19,Data Structue,M,439
PABLO SIGUENZA,85.0,18,Data Structue,F,440
PATRIC STEELE,47.0,18,Data Structue,M,441
PATRICIA CARR,82.0,19,Data Structue,M,442
PATRICIA JACKSON,79.0,18,Data Structue,M,443
PATRICIA O'CONNER,39.0,19,Data Structue,M,444
PATRICK GARDNER,47.0,18,Data Structue,F,445
PATRICK MULLANEY,69.0,20,Data Structue,M,446
PAUL CHIGNELL,79.0,19,Data Structue,M,447
PAUL HENDERSON,60.0,19,Data Structue,M,448
PAUL LEE,76.0,20,Data Structue,M,449
PAUL URQUIAGA,79.0,19,Data Structue,F,450
PAULINE MARX,76.0,20,Data Structue,M,451
PERRY LEONG,76.0,18,Data Structue,M,452
PETE FAY JR,89.0,18,Data Structue,M,453
PETER THOSHINSKY,79.0,19,Data Structue,M,454
PHILIP GINSBURG,69.0,20,Data Structue,F,455
PHILIP PERA,85.0,20,Data Structue,M,456
PHILIP STEVENS,89.0,18,Data Structue,M,457
PIERRE FRANCOIS,89.0,20,Data Structue,M,458
PIERRE MARTINEZ,47.0,18,Data Structue,M,459
RAEMONA WILLIAMS,79.0,18,Data Structue,F,460
RAJIV BHATIA,89.0,20,Data Structue,M,461
RANDY LY,59.0,19,Data Structue,M,462
RANDY MANNING,85.0,20,Data Structue,M,463
RASMI CHAN,69.0,20,Data Structue,M,464
RAUL FRANCISCO,,21,Data Structue,F,465
RAY CRAWFORD,47.0,20,Data Structue,M,466
RAYMOND CHAVEZ,82.0,21,Data Structue,M,467
RAYMOND GUZMAN,60.0,18,Data Structue,M,468
RAYMOND KOENIG,47.0,18,Data Structue,M,469
REGINA GOMEZ,76.0,18,Data Structue,F,470
RENEE MARQUARDT,76.0,18,Data Structue,M,471
REX HALE,47.0,20,Data Structue,M,472
RICHARD BUSALACCHI,79.0,21,Data Structue,M,473
RICHARD CORRIEA,39.0,21,Data Structue,M,474
RICHARD CURRIE,85.0,20,Data Structue,F,475
RICHARD ELLIOTT,76.0,20,Data Structue,M,476
RICHARD PARRY,39.0,19,Data Structue,M,477
RICHARD UNTALAN,69.0,18,Data Structue,M,478
RICHARD VAN KOLL,89.0,18,Data Structue,M,479
RICHARD ZERCHER,82.0,21,Data Structue,F,480
RICKY HUI,82.0,19,Data Structue,M,481
ROBERT BONNET,79.0,18,Data Structue,M,482
ROBERT BRYAN,76.0,20,Data Structue,M,483
ROBERT CHIN,60.0,19,Data Structue,M,484
ROBERT COLEMAN,82.0,18,Data Structue,F,485
ROBERT GALLOT,85.0,20,Data Structue,M,486
ROBERT GUILLERMO,89.0,20,Data Structue,M,487
ROBERT KAPROSCH,69.0,18,Data Structue,M,488
ROBERT LOPEZ,69.0,18,Data Structue,M,489
ROBERT MAERZ,47.0,20,Data Structue,F,490
ROBERT MUHAMMAD,82.0,18,Data Structue,M,491
ROBERT POSTEL,76.0,20,Data Structue,M,492
ROBERT SERRANO,82.0,19,Data Structue,M,493
ROBERT SHAW,85.0,20,Data Structue,M,494
ROBERT STYLES,69.0,18,Data Structue,F,495
ROBERT TAI,69.0,18,Data Structue,M,496
ROBERT VELARDE,85.0,18,Data Structue,M,497
ROBERT WINSLOW,79.0,19,Data Structue,M,498
ROLAND PICKENS,82.0,18,Data Structue,M,499
RONALD PRUYN,47.0,18,Data Structue,F,500
ROSE QUINONES,47.0,20,Data Structue,M,501
ROSELYN JEQUINTO,59.0,18,Data Structue,M,502
ROSEMARY LEE,85.0,18,Data Structue,M,503
ROWENA PATEL,85.0,18,Data Structue,M,504
RUBY MARTIN,39.0,19,Data Structue,F,505
RUDOLPH ERLER,60.0,21,Data Structue,M,506
RUDY CASTELLANOS,60.0,21,Data Structue,M,507
RYAN CREAN,47.0,18,Data Structue,M,508
RYAN KENNEDY,59.0,19,Data Structue,M,509
SAHIR PUTRUS,47.0,18,Data Structue,F,510
SAM YUEN,85.0,18,Data Structue,M,511
SAMSON LAI,76.0,20,Data Structue,M,512
SAMUEL NIETO,39.0,19,Data Structue,M,513
SAMUEL ROMERO,59.0,19,Data Structue,M,514
SANDRA HUANG,59.0,18,Data Structue,F,515
SANDRA TONG,47.0,18,Data Structue,M,516
SARAH CARY,76.0,18,Data Structue,M,517
SCOTT SCHOLZEN,82.0,19,Data Structue,M,518
SEAN BONETTI,89.0,20,Data Structue,M,519
SEBASTIAN WONG,58.0,19,Data Structue,F,520
SHANNON SAKOWSKI,76.0,20,Data Structue,M,521
SHARON FERRIGNO,39.0,19,Data Structue,M,522
SHARON MCCOLE WICHER,47.0,18,Data Structue,M,523
SHARON WOO,39.0,21,Data Structue,M,524
SHELLEY MITCHELL,79.0,19,Data Structue,F,525
SIU-KWAN CHOW,85.0,18,Data Structue,M,526
SOFIA MATHEWS,69.0,20,Data Structue,M,527
SONALI BOSE,82.0,18,Data Structue,M,528
STEPHEN TACCHINI,39.0,19,Data Structue,M,529
STEPHEN TITTEL,82.0,19,Data Structue,F,530
STEVEN MANNINA,39.0,18,Data Structue,M,531
STEVEN RITCHIE,59.0,21,Data Structue,M,532
STEVEN WILLIAMS,39.0,21,Data Structue,M,533
STEVEN WOZNIAK,82.0,21,Data Structue,M,534
SURINDERJEET BAJWA,89.0,20,Data Structue,F,535
SUSAN BUCHBINDER,89.0,20,Data Structue,M,536
SUSAN CURRIN,76.0,18,Data Structue,M,537
SUSAN FERNYAK,59.0,19,Data Structue,M,538
SUSAN GARRETT,85.0,18,Data Structue,M,539
SUSAN ILNICKI,59.0,18,Data Structue,F,540
TANGERINE BRIGHAM,60.0,21,Data Structue,M,541
TED YAMASAKI,89.0,18,Data Structue,M,542
TERENCE OSULLIVAN,76.0,18,Data Structue,M,543
TERESA BARRETT,69.0,20,Data Structue,M,544
THERESA DENTONI,76.0,20,Data Structue,F,545
THERESA LEE,79.0,19,Data Structue,M,546
THERESA MUELLER,59.0,19,Data Structue,M,547
THERESE STEWART,82.0,18,Data Structue,M,548
THOMAS ABBOTT,79.0,19,Data Structue,M,549
THOMAS ALDANA,76.0,20,Data Structue,F,550
THOMAS BIBER,76.0,18,Data Structue,M,551
THOMAS BUSBY,85.0,18,Data Structue,M,552
THOMAS CLEARY,79.0,19,Data Structue,M,553
THOMAS CUNNANE,59.0,21,Data Structue,M,554
THOMAS HARVEY,60.0,19,Data Structue,F,555
THOMAS KOHMANN,76.0,18,Data Structue,M,556
THOMAS MURPHY,60.0,19,Data Structue,M,557
THOMAS REY,59.0,19,Data Structue,M,558
THOMAS SHAWYER,85.0,18,Data Structue,M,559
THOMAS SIRAGUSA,89.0,20,Data Structue,F,560
TIM AREJA,60.0,18,Data Structue,M,561
TIMOTHY SINCLAIR,47.0,20,Data Structue,M,562
TIMOTHY SULLIVAN,59.0,19,Data Structue,M,563
TODD RYDSTROM,39.0,18,Data Structue,M,564
TOMAS ARAGON,59.0,21,Data Structue,F,565
TONEY CHAPLIN,59.0,18,Data Structue,M,566
TRENT RHORER,60.0,21,Data Structue,M,567
TROY JOLLIFF,47.0,18,Data Structue,M,568
TROY WILLIAMS,89.0,20,Data Structue,M,569
TRYG MCCOY,59.0,19,Data Structue,F,570
TUAMELIE MOALA,39.0,19,Data Structue,M,571
TYRONE PRUITT,76.0,20,Data Structue,M,572
TYRONNE JULIAN,47.0,18,Data Structue,M,573
VALERIE AGARD,79.0,18,Data Structue,M,574
VALERIE INOUYE,69.0,20,Data Structue,F,575
VAN LY,79.0,21,Data Structue,M,576
VENUS AZAR,69.0,18,Data Structue,M,577
VERNONICA JONES,79.0,19,Data Structue,M,578
VICKI CLAYTON,76.0,18,Data Structue,M,579
VICTOR WYRSCH,59.0,21,Data Structue,F,580
VINCENT DAVIS,89.0,18,Data Structue,M,581
VINCENT PAMPANIN,85.0,20,Data Structue,M,582
VIVIAN DAY,39.0,21,Data Structue,M,583
WAYNE SNODGRASS,89.0,18,Data Structue,M,584
WENDY STILL,85.0,18,Data Structue,F,585
WHITNEY YEE,47.0,20,Data Structue,M,586
WILLIAM MCFARLAND,79.0,19,Data Structue,M,587
WILLIAM MCFARLAND,39.0,18,Data Structue,M,588
WILLIAM MULKEEN,82.0,19,Data Structue,M,589
WILLIAM RADER,76.0,20,Data Structue,F,590
WILLIAM ROUALDES,59.0,19,Data Structue,M,591
WILLIAM SCOTT,82.0,19,Data Structue,M,592
WILLIAM SIFFERMANN,85.0,20,Data Structue,M,593
WING CHAN,82.0,19,Data Structue,M,594
WING NG,39.0,19,Data Structue,F,595
YIFANG QIAN,69.0,18,Data Structue,M,596
ZACHARY PUMPHREY,47.0,20,Data Structue,M,597
ZEBA IMAN NAZEERI-SIMMONS,69.0,20,Data Structue,M,598
ZHI JIAR ZHUANG,,19,Data Structue,M,599
AI-KYUNG CHUNG,88.0,18,Maths,M,1
ALAN HARVEY,85.0,19,Maths,M,2
ALAN REYNAUD,45.0,19,Maths,M,3
ALBERT CENDANA,82.0,18,Maths,M,4
ALBERT HOLT JR,82.0,18,Maths,F,5
ALBERT PARDINI,95.0,20,Maths,M,6
ALBERT YU,95.0,18,Maths,M,7
ALBERTO PEDRUCO,65.0,19,Maths,M,8
ALEC BALMY,88.0,18,Maths,M,9
ALEETA VAN RUNKLE,88.0,19,Maths,F,10
ALEX TSE,53.0,20,Maths,M,11
ALEXANDER CHEN,53.0,20,Maths,M,12
ALEXANDER KWAN,66.0,19,Maths,M,13
ALEXIS GOLDNER,88.0,18,Maths,M,14
ALLEN TURPIN,88.0,21,Maths,F,15
ALSON LEE,82.0,20,Maths,M,16
ALVIN LAU,31.0,18,Maths,M,17
AMEN CHOW,95.0,18,Maths,M,18
AMPARO RODRIGUEZ,91.0,18,Maths,M,19
AMY BROWN,66.0,18,Maths,F,20
AMY HART,82.0,18,Maths,M,21
ANA SAMPERA,66.0,18,Maths,M,22
ANDRE ANDREWS SR,75.0,18,Maths,M,23
ANDRE WILLIAMS,65.0,19,Maths,M,24
ANDREW LOGAN,91.0,20,Maths,F,25
ANDREW SAITZ,91.0,18,Maths,M,26
ANDY ZANOFF,53.0,20,Maths,M,27
ANGELA PLATZER,91.0,20,Maths,M,28
ANN MANNIX,88.0,21,Maths,M,29
ANNA BROWN,85.0,19,Maths,F,30
ANNE KRONENBERG,75.0,20,Maths,M,31
ANNETTE HOBRUCKER-PFEIFER,66.0,21,Maths,M,32
ANTHONY DUMONT,45.0,19,Maths,M,33
ANTHONY ROBINSON,66.0,18,Maths,M,34
ANTONIO FLORES,53.0,20,Maths,F,35
ANTONIO PARRA,65.0,19,Maths,M,36
ANTONIO SANTIAGO,53.0,18,Maths,M,37
ARNIE LEE,75.0,20,Maths,M,38
ARNOLD CHOY,45.0,18,Maths,M,39
ARTHUR BORGES,66.0,19,Maths,F,40
ARTHUR KENNEY,75.0,20,Maths,M,41
ARTHUR STELLINI,95.0,20,Maths,M,42
ATTICA BOWDEN,65.0,21,Maths,M,43
BARBARA GARCIA,85.0,18,Maths,M,44
BARBARA HALE,82.0,20,Maths,F,45
BARBARA SCHULTHEIS,65.0,21,Maths,M,46
BARRY BLOOM,85.0,21,Maths,M,47
BENJAMIN ROSENFIELD,82.0,18,Maths,M,48
BERGLIOTH MATHEWS,65.0,18,Maths,M,49
BERT REYES,66.0,19,Maths,F,50
BOND YEE,82.0,18,Maths,M,51
BONNIE TAYLOR,88.0,19,Maths,M,52
BRADEN WOODS,,19,Maths,M,53
BRENDAN MCGORRIN,95.0,20,Maths,M,54
BRENDAN WARD,88.0,21,Maths,F,55
BRIAN DELAHUNTY,91.0,18,Maths,M,56
BRIAN MURPHY,53.0,20,Maths,M,57
BRIAN PHILPOTT,75.0,20,Maths,M,58
BRODERICK TOPPS,75.0,20,Maths,M,59
BRONWYN GUNDOGDU,95.0,18,Maths,F,60
BROOK MANCINELLI,88.0,19,Maths,M,61
BRYAN MAR,53.0,18,Maths,M,62
BRYAN RUBENSTEIN,82.0,20,Maths,M,63
BURK DELVENTHAL,82.0,18,Maths,M,64
C PETRUZZELLA,85.0,21,Maths,F,65
CANTREZ TRIPLETT,45.0,21,Maths,M,66
CARL FABBRI,75.0,20,Maths,M,67
CARL JEPSEN,66.0,21,Maths,M,68
CARLOS GUTIERREZ,45.0,19,Maths,M,69
CATHERINE JAMES,75.0,20,Maths,F,70
CHAD LAW,53.0,20,Maths,M,71
CHARLES CRANE,65.0,21,Maths,M,72
CHARLES SCOTT,53.0,20,Maths,M,73
CHARLES STINSON,85.0,19,Maths,M,74
CHARLIE ORKES,82.0,18,Maths,F,75
CHRIS VEIN,95.0,20,Maths,M,76
CHRISTIANE HAYASHI,66.0,19,Maths,M,77
CHRISTINE WINKLER,53.0,20,Maths,M,78
CHRISTOPHER CHONG,65.0,18,Maths,M,79
CHRISTOPHER HAZEN,85.0,19,Maths,F,80
CHUTEH KOTAKE,88.0,19,Maths,M,81
CLEMENTINO AVILA II,95.0,18,Maths,M,82
CLYDE CHRISTOBAL,53.0,20,Maths,M,83
COLLEEN RILEY,45.0,19,Maths,M,84
CRISTINA REYES,45.0,21,Maths,F,85
CROCE CASCIATO,85.0,18,Maths,M,86
CURTIS LUM,45.0,19,Maths,M,87
DALE CARNES,85.0,21,Maths,M,88
DAMON HART,45.0,18,Maths,M,89
DANIEL ARMENTA,45.0,21,Maths,F,90
DANIEL COX,85.0,19,Maths,M,91
DANIEL CUNNINGHAM,88.0,19,Maths,M,92
DANIEL DEDET,85.0,19,Maths,M,93
DANIEL MAHONEY,91.0,18,Maths,M,94
DANIEL MOLLOY,65.0,19,Maths,F,95
DANIEL SCDORIS,75.0,18,Maths,M,96
DANIEL YONTS,88.0,19,Maths,M,97
DARCY KELLER,95.0,18,Maths,M,98
DARREN CHOY,65.0,21,Maths,M,99
DARRYL HUNTER,65.0,19,Maths,F,100
DAVID BRIGGS,45.0,18,Maths,M,101
DAVID FRANKLIN,53.0,20,Maths,M,102
DAVID HAWKINS,95.0,18,Maths,M,103
DAVID KUSHNER,66.0,21,Maths,M,104
DAVID LAZAR,82.0,18,Maths,F,105
DAVID OWEN,65.0,19,Maths,M,106
DAVID PFEIFER,45.0,21,Maths,M,107
DAVID SHINN,85.0,21,Maths,M,108
DAVID SULLIVAN,45.0,19,Maths,M,109
DAVID THOMPSON,85.0,21,Maths,F,110
DAVID ZWYER,65.0,21,Maths,M,111
DEBBIE TAM,85.0,18,Maths,M,112
DEBORAH BORNE,88.0,19,Maths,M,113
DEBORAH JETER,45.0,19,Maths,M,114
DEBORAH LOGAN,95.0,20,Maths,F,115
DEBRA JOHNSON,88.0,21,Maths,M,116
DENIS JOYCE,75.0,18,Maths,M,117
DENIS OLEARY,53.0,20,Maths,M,118
DENISE BAILEY,82.0,20,Maths,M,119
DENISE NEWMAN,85.0,21,Maths,F,120
DENISE SCHMITT,91.0,18,Maths,M,121
DENNIS HERRERA,88.0,18,Maths,M,122
DENNIS MARTINEZ,85.0,21,Maths,M,123
DENNIS O'NEILL,45.0,19,Maths,M,124
DENNIS SUTTER,53.0,18,Maths,F,125
DEREK WING,95.0,20,Maths,M,126
DERIO DITO,45.0,21,Maths,M,127
DIANA GUEVARA,75.0,20,Maths,M,128
DOMINIC CELAYA,66.0,21,Maths,M,129
DONALD BRYANT,75.0,18,Maths,F,130
DONALD FIELDS,66.0,18,Maths,M,131
DONALD MARGOLIS,75.0,20,Maths,M,132
DONALDSON SHUMPERT,53.0,18,Maths,M,133
DONNA LEE,85.0,18,Maths,M,134
DONNA MEIXNER,85.0,18,Maths,F,135
DONNIE HORNBUCKLE,65.0,21,Maths,M,136
DOUGLAS MCEACHERN,65.0,21,Maths,M,137
DOUGLAS RIBA,91.0,20,Maths,M,138
DUSTIN NOVO,85.0,21,Maths,M,139
DWAYNE CURRY,45.0,21,Maths,F,140
EDGAR CALLEJAS,82.0,18,Maths,M,141
EDGAR GONZALEZ,95.0,20,Maths,M,142
EDMUND DEA,85.0,18,Maths,M,143
EDMUND VAIL,66.0,18,Maths,M,144
EDUARDO GONZALEZ,88.0,21,Maths,F,145
EDWARD CAMPBELL,82.0,20,Maths,M,146
EDWARD CHEUNG,53.0,18,Maths,M,147
EDWARD CHU,88.0,19,Maths,M,148
EDWARD DELCARLO,45.0,18,Maths,M,149
EDWARD DENNIS,65.0,21,Maths,F,150
EDWARD HARRINGTON,95.0,18,Maths,M,151
EDWARD REISKIN,31.0,18,Maths,M,152
EDWARD ROLAND,66.0,18,Maths,M,153
EDWIN LEE,45.0,19,Maths,M,154
EHRHARDT GROOTHOFF,53.0,18,Maths,F,155
ELAINE COLEMAN,45.0,19,Maths,M,156
ELISA RAMIREZ,53.0,18,Maths,M,157
ELIZABETH JOHNSON,91.0,18,Maths,M,158
ELLEN APOLINARIO,85.0,19,Maths,M,159
ELLEN LEVIN,53.0,18,Maths,F,160
ELLEN MOFFATT,88.0,18,Maths,M,161
ERIBERTO ISON,88.0,18,Maths,M,162
ERIC CRANSTON,82.0,18,Maths,M,163
ERIKA HOO,85.0,19,Maths,M,164
ERNEST JOHNSON,45.0,18,Maths,F,165
EUGENE GALEANO,82.0,20,Maths,M,166
EVETTE GEER-STEVENS,91.0,18,Maths,M,167
FE HORTINELA,65.0,19,Maths,M,168
FERDINAND CADELINA,65.0,19,Maths,M,169
FERDINAND MENESES,75.0,18,Maths,F,170
FERNANDO DEALBA,88.0,18,Maths,M,171
FLAVIA BAYATI,65.0,18,Maths,M,172
FLOYD ROLLINS,53.0,20,Maths,M,173
FRANK CARDINALE,88.0,19,Maths,M,174
FRANK HSIEH,45.0,19,Maths,F,175
FRANK KOSTA,95.0,18,Maths,M,176
FREDERICK BINKLEY,75.0,18,Maths,M,177
FUAD SWEISS,53.0,20,Maths,M,178
GARRET TOM,53.0,18,Maths,M,179
GARY AMELIO,95.0,18,Maths,F,180
GARY CONSTANTINE,95.0,20,Maths,M,181
GARY JIMENEZ,85.0,19,Maths,M,182
GAVIN ESTUPINIAN,88.0,19,Maths,M,183
GEORGE FOURAS,88.0,19,Maths,M,184
GEORGE GARCIA,95.0,20,Maths,F,185
GEORGE GASCON,75.0,20,Maths,M,186
GEORGE LYSENKO,75.0,20,Maths,M,187
GERALD DARCY,95.0,20,Maths,M,188
GERALD MANSUR JR,91.0,20,Maths,M,189
GERARDO PINTO,82.0,18,Maths,F,190
GHODSI DAVARY,85.0,19,Maths,M,191
GLEN KOJIMOTO,91.0,18,Maths,M,192
GLENN KIRCHER,85.0,19,Maths,M,193
GLENN MAR,85.0,21,Maths,M,194
GLENN ORTIZ-SCHULDT,91.0,20,Maths,F,195
GLORIA GARCIA ORME,91.0,18,Maths,M,196
GRAD GREEN,85.0,21,Maths,M,197
GREGORY CACHARELIS,95.0,20,Maths,M,198
GREGORY CORRALES,88.0,21,Maths,M,199
GREGORY MAR,53.0,18,Maths,F,200
GREGORY MCFARLAND,66.0,18,Maths,M,201
GREGORY STANGLAND,91.0,20,Maths,M,202
GREGORY SUHR,45.0,19,Maths,M,203
GUY GOODWIN,85.0,19,Maths,M,204
HAGOP HAJIAN,82.0,18,Maths,F,205
HANS VIGIL,66.0,19,Maths,M,206
HARLAN KELLY-JR,75.0,20,Maths,M,207
HAROLD BYRD,75.0,18,Maths,M,208
HARRY PINKARD,95.0,18,Maths,M,209
HARVEY ELWIN,66.0,19,Maths,F,210
HENRY LARKIN,66.0,21,Maths,M,211
HERALIO SERRANO,88.0,19,Maths,M,212
HERBERT CARNEY,88.0,19,Maths,M,213
HERBERT HENLEY,75.0,18,Maths,M,214
IRENE SUNG,66.0,19,Maths,F,215
IVAR SATERO,88.0,19,Maths,M,216
JACK CHOW,82.0,20,Maths,M,217
JACKSON WONG,82.0,18,Maths,M,218
JALAL AINEB,45.0,19,Maths,M,219
JAMES BLAKE,95.0,18,Maths,F,220
JAMES BOSCH,66.0,19,Maths,M,221
JAMES CALONICO,85.0,21,Maths,M,222
JAMES DEIGNAN,82.0,18,Maths,M,223
JAMES DUDLEY,91.0,18,Maths,M,224
JAMES EMERY,85.0,21,Maths,F,225
JAMES FAZACKERLEY,95.0,20,Maths,M,226
JAMES FLORES,53.0,20,Maths,M,227
JAMES HARRIGAN,91.0,20,Maths,M,228
JAMES MILLER,45.0,19,Maths,M,229
JAMES SPILLANE,65.0,18,Maths,F,230
JAMES VANNUCCHI,75.0,20,Maths,M,231
JANET HINES,91.0,18,Maths,M,232
JASON PAW,53.0,20,Maths,M,233
JAY HUISH,53.0,18,Maths,M,234
JAY KLOO,53.0,18,Maths,F,235
JEFF COLUMBINI,95.0,18,Maths,M,236
JEFF IWASAKI,75.0,20,Maths,M,237
JEFFREY ADACHI,95.0,20,Maths,M,238
JEFFREY BARDEN,82.0,18,Maths,M,239
JEFFREY MYERS,53.0,18,Maths,F,240
JENNIFER DEBERRY,95.0,18,Maths,M,241
JENNIFER MATZ,75.0,20,Maths,M,242
JERRY COLEMAN,66.0,18,Maths,M,243
JESSE SMITH,91.0,20,Maths,M,244
JESUS PENA,91.0,20,Maths,F,245
JILL LECOUNT,85.0,18,Maths,M,246
JIM GIANG,75.0,20,Maths,M,247
JIM HALL III,66.0,18,Maths,M,248
JIMMIE LEW,75.0,20,Maths,M,249
JOANNE HAYES-WHITE,88.0,19,Maths,F,250
JOANNE HOEPER,88.0,18,Maths,M,251
JOHN BARKER,82.0,20,Maths,M,252
JOHN BRAGAGNOLO,65.0,18,Maths,M,253
JOHN BROWN,45.0,19,Maths,M,254
JOHN BUCHANAN JR,85.0,18,Maths,F,255
JOHN CAVANAUGH,65.0,19,Maths,M,256
JOHN CREMEN,75.0,20,Maths,M,257
JOHN EHRLICH,75.0,18,Maths,M,258
JOHN FEENEY,53.0,20,Maths,M,259
JOHN FLORES,45.0,18,Maths,F,260
JOHN GARRITY,91.0,18,Maths,M,261
JOHN GOLDBERG,95.0,18,Maths,M,262
JOHN HALEY JR,95.0,18,Maths,M,263
JOHN HANLEY,82.0,20,Maths,M,264
JOHN HART,53.0,18,Maths,F,265
JOHN HICKEY,66.0,21,Maths,M,266
JOHN KOSTA,45.0,19,Maths,M,267
JOHN LOFTUS,82.0,20,Maths,M,268
JOHN MARTIN,65.0,19,Maths,M,269
JOHN MURPHY,65.0,19,Maths,F,270
JOHN MURPHY,88.0,21,Maths,M,271
JOHN NESTOR,82.0,20,Maths,M,272
JOHN RAHAIM,95.0,18,Maths,M,273
JOHN ROCCO,53.0,20,Maths,M,274
JOHN SANFORD JR,91.0,18,Maths,F,275
JOHN STANFIELD,65.0,19,Maths,M,276
JOHN TURSI,65.0,19,Maths,M,277
JOHN VAN KOLL,91.0,18,Maths,M,278
JOHNSON YOU,66.0,18,Maths,M,279
JON WALTON,65.0,19,Maths,F,280
JONATHAN BAXTER,45.0,19,Maths,M,281
JONES WONG,91.0,20,Maths,M,282
JOSE CASTILLO,45.0,21,Maths,M,283
JOSE VELO,53.0,20,Maths,M,284
JOSEPH CUFF,75.0,18,Maths,F,285
JOSEPH DRISCOLL,53.0,18,Maths,M,286
JOSEPH FISCHER-III,95.0,18,Maths,M,287
JOSEPH FONG,95.0,18,Maths,M,288
JOSEPH MAYERS,85.0,19,Maths,M,289
JOSEPH WOODS,91.0,20,Maths,F,290
JOSEPHINE RAPADAS,66.0,19,Maths,M,291
JOSHUA BAMBERGER,95.0,20,Maths,M,292
JOSHUA KUMLI,88.0,19,Maths,M,293
JUDY MELINEK,85.0,19,Maths,M,294
JULIA M C FRIEDLANDER,66.0,18,Maths,F,295
JULIE LABONTE,95.0,20,Maths,M,296
JULIE VAN NOSTERN,91.0,18,Maths,M,297
JULIET ELLIS,95.0,20,Maths,M,298
JULIO ESCOBAR,85.0,18,Maths,M,299
JUNE CRAVET,91.0,18,Maths,F,300
KANDACE BENDER,64.0,19,Maths,M,301
KAREN ROYE,53.0,18,Maths,M,302
KARL JURGENSON,85.0,19,Maths,M,303
KATE HERRMAN STACY,66.0,21,Maths,M,304
KATHLEEN MAXWELL,53.0,20,Maths,F,305
KATHRYN BALLOU,82.0,20,Maths,M,306
KATHRYN FOWLER,75.0,18,Maths,M,307
KATHRYN HOW,75.0,18,Maths,M,308
KEITH SANFORD,64.0,19,Maths,M,309
KEN YEE,88.0,19,Maths,F,310
KENNETH CORDERO,91.0,20,Maths,M,311
KENNETH SMITH,75.0,18,Maths,M,312
KEVIN BARRY,66.0,21,Maths,M,313
KEVIN BURKE,82.0,18,Maths,M,314
KEVIN CASHMAN,45.0,21,Maths,F,315
KEVIN JONES,66.0,19,Maths,M,316
KEVIN KUHN,66.0,19,Maths,M,317
KEVIN LABANOWSKI,91.0,20,Maths,M,318
KEVIN SMITH,66.0,19,Maths,M,319
KEVIN TAYLOR,75.0,18,Maths,F,320
KHAIRUL ALI,91.0,20,Maths,M,321
KHOA TRINH,45.0,18,Maths,M,322
KIMIKO BURTON,75.0,18,Maths,M,323
KIRK RICHARDSON,75.0,20,Maths,M,324
KIRSTEN BARASH,65.0,21,Maths,F,325
L MILITELLO,66.0,19,Maths,M,326
LAN LEE,85.0,19,Maths,M,327
LARRY MITCHELL,65.0,21,Maths,M,328
LAUIFI SEUMAALA,95.0,20,Maths,M,329
LAURENCE RAMLAN,95.0,18,Maths,F,330
LAWRENCE FREED,95.0,18,Maths,M,331
LAWRENCE LEE,53.0,20,Maths,M,332
LAWRENCE NICHOLLS,66.0,19,Maths,M,333
LENETTE THOMPSON,66.0,18,Maths,M,334
LENORA JACOBS,53.0,20,Maths,F,335
LEON KUO,95.0,20,Maths,M,336
LEON WHITE,91.0,20,Maths,M,337
LEONARD BROBERG,65.0,19,Maths,M,338
LEONARDO FERMIN,88.0,18,Maths,M,339
LESLIE DUBBIN,88.0,21,Maths,F,340
LINDA ROSS,65.0,19,Maths,M,341
LISA GOLDEN,66.0,19,Maths,M,342
LISA HOFFMANN,66.0,21,Maths,M,343
LISETTE ADAMS,45.0,18,Maths,M,344
LORI BORGHI,88.0,21,Maths,F,345
LORRIE KALOS,95.0,20,Maths,M,346
LOUIS CASSANEGO,66.0,19,Maths,M,347
LUIS HERRERA,91.0,18,Maths,M,348
LUIS IBARRA-RIVERA,85.0,19,Maths,M,349
LYN TOMIOKA,65.0,19,Maths,F,350
MADONNA VALENCIA,75.0,18,Maths,M,351
MAGALY SAADE,31.0,18,Maths,M,352
MAMI SUZUKI-VIDALON,65.0,18,Maths,M,353
MANUEL PEGUEROS,95.0,18,Maths,M,354
MARGARET CALLAHAN,82.0,20,Maths,F,355
MARGARET HANNAFORD,82.0,18,Maths,M,356
MARGARET RYKOWSKI,65.0,18,Maths,M,357
MARIA BEE,88.0,21,Maths,M,358
MARISA MORET,75.0,18,Maths,M,359
MARK CASTAGNOLA,45.0,21,Maths,F,360
MARK GAMBLE,45.0,18,Maths,M,361
MARK GONZALES,75.0,20,Maths,M,362
MARK HERNANDEZ,88.0,19,Maths,M,363
MARK JOHNSON,85.0,19,Maths,M,364
MARK KEARNEY,66.0,19,Maths,F,365
MARK SENORES,66.0,18,Maths,M,366
MARK SMITH,75.0,20,Maths,M,367
MARK SOLOMON,75.0,20,Maths,M,368
MARTIEN VERHAEG,45.0,19,Maths,M,369
MARTIN BELTRAN,91.0,20,Maths,F,370
MARTIN GRAN,91.0,18,Maths,M,371
MARTIN HALLORAN,82.0,18,Maths,M,372
MARTIN LALOR JR,75.0,20,Maths,M,373
MARTY ROSS,91.0,20,Maths,M,374
MARY TSE,88.0,19,Maths,F,375
MASAE KAWAMURA,88.0,21,Maths,M,376
MATTHEW CANNON,66.0,19,Maths,M,377
MATTHEW MCNAUGHTON,95.0,18,Maths,M,378
MATTHEW ROTHSCHILD,45.0,18,Maths,M,379
MELANY BRANDON,53.0,20,Maths,F,380
MELISSA LERMA,91.0,20,Maths,M,381
MERCEDES GERMAN,75.0,18,Maths,M,382
MICHAEL AHERN,66.0,21,Maths,M,383
MICHAEL BELLO,66.0,19,Maths,M,384
MICHAEL BIEL,91.0,20,Maths,F,385
MICHAEL BROWNE,85.0,18,Maths,M,386
MICHAEL BRYANT,82.0,20,Maths,M,387
MICHAEL CARLIN,66.0,19,Maths,M,388
MICHAEL CASTAGNOLA,75.0,18,Maths,M,389
MICHAEL COLEMAN,91.0,18,Maths,F,390
MICHAEL CONNOLLY,45.0,19,Maths,M,391
MICHAEL DALY,,20,Maths,M,392
MICHAEL DELANE,91.0,20,Maths,M,393
MICHAEL DRENNAN,75.0,18,Maths,M,394
MICHAEL DUDOROFF,82.0,20,Maths,F,395
MICHAEL ELLIS,95.0,20,Maths,M,396
MICHAEL GONZALES,88.0,19,Maths,M,397
MICHAEL HENNESSEY,65.0,19,Maths,M,398
MICHAEL KEARNEY,85.0,21,Maths,M,399
MICHAEL MORRIS,91.0,18,Maths,F,400
MICHAEL MOYNIHAN,91.0,20,Maths,M,401
MICHAEL PHILPOTT,53.0,20,Maths,M,402
MICHAEL QUAN,95.0,20,Maths,M,403
MICHAEL ROLOVICH,95.0,18,Maths,M,404
MICHAEL SIMMONS,53.0,18,Maths,F,405
MICHAEL SMITH,45.0,19,Maths,M,406
MICHAEL THOMPSON,75.0,18,Maths,M,407
MICHAEL THOMPSON,65.0,18,Maths,M,408
MICHAEL WALSH,45.0,19,Maths,M,409
MICHAEL WHOOLEY,82.0,18,Maths,F,410
MIKAIL ALI,82.0,18,Maths,M,411
MIKE BREILING,66.0,19,Maths,M,412
MILTON ESTES,65.0,21,Maths,M,413
MIRIAM DAMON,66.0,19,Maths,M,414
MITCHELL LEE,95.0,18,Maths,F,415
MIVIC HIROSE,45.0,21,Maths,M,416
MOHAMMED NURU,65.0,19,Maths,M,417
MONICA FIELDS,88.0,19,Maths,M,418
MONIQUE MOYER,65.0,19,Maths,M,419
MONIQUE ZMUDA,85.0,18,Maths,F,420
MORGAN PETITI,75.0,18,Maths,M,421
MYO CHANG,82.0,20,Maths,M,422
NANCY LEW,82.0,20,Maths,M,423
NANCY PARKER,66.0,21,Maths,M,424
NATHAN HARDY,85.0,19,Maths,F,425
NATHANIEL FORD,75.0,18,Maths,M,426
NEIL SWENDSEN,91.0,20,Maths,M,427
NELA PONFERRADA,65.0,19,Maths,M,428
NELSON ACETO,82.0,20,Maths,M,429
NEREE DASTOUS,45.0,18,Maths,F,430
NICHOLAS COLANGELO,95.0,20,Maths,M,431
NICOL JURATOVAC,88.0,18,Maths,M,432
NICOLETTE DIVECCHIO,53.0,18,Maths,M,433
NIKOLAS LEMOS,82.0,18,Maths,M,434
NOEL MORONEY,66.0,19,Maths,F,435
NOREEN AMBROSE,91.0,20,Maths,M,436
OLLIE BANKS,45.0,18,Maths,M,437
OSCAR CABRERA,53.0,18,Maths,M,438
OWEN CLEMENTS,85.0,19,Maths,M,439
PABLO SIGUENZA,91.0,18,Maths,F,440
PATRIC STEELE,53.0,18,Maths,M,441
PATRICIA CARR,88.0,19,Maths,M,442
PATRICIA JACKSON,85.0,18,Maths,M,443
PATRICIA O'CONNER,45.0,19,Maths,M,444
PATRICK GARDNER,53.0,18,Maths,F,445
PATRICK MULLANEY,75.0,20,Maths,M,446
PAUL CHIGNELL,85.0,19,Maths,M,447
PAUL HENDERSON,66.0,19,Maths,M,448
PAUL LEE,82.0,20,Maths,M,449
PAUL URQUIAGA,85.0,19,Maths,F,450
PAULINE MARX,82.0,20,Maths,M,451
PERRY LEONG,82.0,18,Maths,M,452
PETE FAY JR,95.0,18,Maths,M,453
PETER THOSHINSKY,85.0,19,Maths,M,454
PHILIP GINSBURG,75.0,20,Maths,F,455
PHILIP PERA,91.0,20,Maths,M,456
PHILIP STEVENS,95.0,18,Maths,M,457
PIERRE FRANCOIS,95.0,20,Maths,M,458
PIERRE MARTINEZ,53.0,18,Maths,M,459
RAEMONA WILLIAMS,85.0,18,Maths,F,460
RAJIV BHATIA,95.0,20,Maths,M,461
RANDY LY,65.0,19,Maths,M,462
RANDY MANNING,91.0,20,Maths,M,463
RASMI CHAN,75.0,20,Maths,M,464
RAUL FRANCISCO,45.0,21,Maths,F,465
RAY CRAWFORD,53.0,20,Maths,M,466
RAYMOND CHAVEZ,88.0,21,Maths,M,467
RAYMOND GUZMAN,66.0,18,Maths,M,468
RAYMOND KOENIG,53.0,18,Maths,M,469
REGINA GOMEZ,82.0,18,Maths,F,470
RENEE MARQUARDT,82.0,18,Maths,M,471
REX HALE,53.0,20,Maths,M,472
RICHARD BUSALACCHI,85.0,21,Maths,M,473
RICHARD CORRIEA,45.0,21,Maths,M,474
RICHARD CURRIE,91.0,20,Maths,F,475
RICHARD ELLIOTT,82.0,20,Maths,M,476
RICHARD PARRY,45.0,19,Maths,M,477
RICHARD UNTALAN,75.0,18,Maths,M,478
RICHARD VAN KOLL,95.0,18,Maths,M,479
RICHARD ZERCHER,88.0,21,Maths,F,480
RICKY HUI,88.0,19,Maths,M,481
ROBERT BONNET,85.0,18,Maths,M,482
ROBERT BRYAN,82.0,20,Maths,M,483
ROBERT CHIN,66.0,19,Maths,M,484
ROBERT COLEMAN,88.0,18,Maths,F,485
ROBERT GALLOT,91.0,20,Maths,M,486
ROBERT GUILLERMO,95.0,20,Maths,M,487
ROBERT KAPROSCH,75.0,18,Maths,M,488
ROBERT LOPEZ,75.0,18,Maths,M,489
ROBERT MAERZ,53.0,20,Maths,F,490
ROBERT MUHAMMAD,88.0,18,Maths,M,491
ROBERT POSTEL,82.0,20,Maths,M,492
ROBERT SERRANO,88.0,19,Maths,M,493
ROBERT SHAW,91.0,20,Maths,M,494
ROBERT STYLES,75.0,18,Maths,F,495
ROBERT TAI,75.0,18,Maths,M,496
ROBERT VELARDE,91.0,18,Maths,M,497
ROBERT WINSLOW,85.0,19,Maths,M,498
ROLAND PICKENS,88.0,18,Maths,M,499
RONALD PRUYN,53.0,18,Maths,F,500
ROSE QUINONES,53.0,20,Maths,M,501
ROSELYN JEQUINTO,65.0,18,Maths,M,502
ROSEMARY LEE,91.0,18,Maths,M,503
ROWENA PATEL,91.0,18,Maths,M,504
RUBY MARTIN,45.0,19,Maths,F,505
RUDOLPH ERLER,66.0,21,Maths,M,506
RUDY CASTELLANOS,66.0,21,Maths,M,507
RYAN CREAN,53.0,18,Maths,M,508
RYAN KENNEDY,65.0,19,Maths,M,509
SAHIR PUTRUS,53.0,18,Maths,F,510
SAM YUEN,91.0,18,Maths,M,511
SAMSON LAI,82.0,20,Maths,M,512
SAMUEL NIETO,45.0,19,Maths,M,513
SAMUEL ROMERO,65.0,19,Maths,M,514
SANDRA HUANG,65.0,18,Maths,F,515
SANDRA TONG,53.0,18,Maths,M,516
SARAH CARY,82.0,18,Maths,M,517
SCOTT SCHOLZEN,88.0,19,Maths,M,518
SEAN BONETTI,95.0,20,Maths,M,519
SEBASTIAN WONG,64.0,19,Maths,F,520
SHANNON SAKOWSKI,82.0,20,Maths,M,521
SHARON FERRIGNO,45.0,19,Maths,M,522
SHARON MCCOLE WICHER,53.0,18,Maths,M,523
SHARON WOO,45.0,21,Maths,M,524
SHELLEY MITCHELL,85.0,19,Maths,F,525
SIU-KWAN CHOW,91.0,18,Maths,M,526
SOFIA MATHEWS,75.0,20,Maths,M,527
SONALI BOSE,88.0,18,Maths,M,528
STEPHEN TACCHINI,45.0,19,Maths,M,529
STEPHEN TITTEL,88.0,19,Maths,F,530
STEVEN MANNINA,45.0,18,Maths,M,531
STEVEN RITCHIE,65.0,21,Maths,M,532
STEVEN WILLIAMS,45.0,21,Maths,M,533
STEVEN WOZNIAK,88.0,21,Maths,M,534
SURINDERJEET BAJWA,95.0,20,Maths,F,535
SUSAN BUCHBINDER,95.0,20,Maths,M,536
SUSAN CURRIN,82.0,18,Maths,M,537
SUSAN FERNYAK,65.0,19,Maths,M,538
SUSAN GARRETT,91.0,18,Maths,M,539
SUSAN ILNICKI,65.0,18,Maths,F,540
TANGERINE BRIGHAM,66.0,21,Maths,M,541
TED YAMASAKI,95.0,18,Maths,M,542
TERENCE OSULLIVAN,82.0,18,Maths,M,543
TERESA BARRETT,75.0,20,Maths,M,544
THERESA DENTONI,82.0,20,Maths,F,545
THERESA LEE,85.0,19,Maths,M,546
THERESA MUELLER,65.0,19,Maths,M,547
THERESE STEWART,88.0,18,Maths,M,548
THOMAS ABBOTT,85.0,19,Maths,M,549
THOMAS ALDANA,82.0,20,Maths,F,550
THOMAS BIBER,82.0,18,Maths,M,551
THOMAS BUSBY,91.0,18,Maths,M,552
THOMAS CLEARY,85.0,19,Maths,M,553
THOMAS CUNNANE,65.0,21,Maths,M,554
THOMAS HARVEY,66.0,19,Maths,F,555
THOMAS KOHMANN,82.0,18,Maths,M,556
THOMAS MURPHY,66.0,19,Maths,M,557
THOMAS REY,65.0,19,Maths,M,558
THOMAS SHAWYER,91.0,18,Maths,M,559
THOMAS SIRAGUSA,95.0,20,Maths,F,560
TIM AREJA,66.0,18,Maths,M,561
TIMOTHY SINCLAIR,53.0,20,Maths,M,562
TIMOTHY SULLIVAN,65.0,19,Maths,M,563
TODD RYDSTROM,45.0,18,Maths,M,564
TOMAS ARAGON,,21,Maths,F,565
TONEY CHAPLIN,65.0,18,Maths,M,566
TRENT RHORER,66.0,21,Maths,M,567
TROY JOLLIFF,53.0,18,Maths,M,568
TROY WILLIAMS,95.0,20,Maths,M,569
TRYG MCCOY,65.0,19,Maths,F,570
TUAMELIE MOALA,45.0,19,Maths,M,571
TYRONE PRUITT,82.0,20,Maths,M,572
TYRONNE JULIAN,53.0,18,Maths,M,573
VALERIE AGARD,85.0,18,Maths,M,574
VALERIE INOUYE,75.0,20,Maths,F,575
VAN LY,85.0,21,Maths,M,576
VENUS AZAR,75.0,18,Maths,M,577
VERNONICA JONES,85.0,19,Maths,M,578
VICKI CLAYTON,82.0,18,Maths,M,579
VICTOR WYRSCH,65.0,21,Maths,F,580
VINCENT DAVIS,95.0,18,Maths,M,581
VINCENT PAMPANIN,91.0,20,Maths,M,582
VIVIAN DAY,45.0,21,Maths,M,583
WAYNE SNODGRASS,95.0,18,Maths,M,584
WENDY STILL,91.0,18,Maths,F,585
WHITNEY YEE,53.0,20,Maths,M,586
WILLIAM MCFARLAND,85.0,19,Maths,M,587
WILLIAM MCFARLAND,45.0,18,Maths,M,588
WILLIAM MULKEEN,88.0,19,Maths,M,589
WILLIAM RADER,82.0,20,Maths,F,590
WILLIAM ROUALDES,65.0,19,Maths,M,591
WILLIAM SCOTT,88.0,19,Maths,M,592
WILLIAM SIFFERMANN,91.0,20,Maths,M,593
WING CHAN,88.0,19,Maths,M,594
WING NG,45.0,19,Maths,F,595
YIFANG QIAN,75.0,18,Maths,M,596
ZACHARY PUMPHREY,53.0,20,Maths,M,597
ZEBA IMAN NAZEERI-SIMMONS,75.0,20,Maths,M,598
ZHI JIAR ZHUANG,88.0,19,Maths,M,599
AI-KYUNG CHUNG,84.0,18,Physics,M,1
ALAN HARVEY,81.0,19,Physics,M,2
ALAN REYNAUD,41.0,19,Physics,M,3
ALBERT CENDANA,78.0,18,Physics,M,4
ALBERT HOLT JR,78.0,18,Physics,F,5
ALBERT PARDINI,91.0,20,Physics,M,6
ALBERT YU,91.0,18,Physics,M,7
ALBERTO PEDRUCO,61.0,19,Physics,M,8
ALEC BALMY,84.0,18,Physics,M,9
ALEETA VAN RUNKLE,84.0,19,Physics,F,10
ALEX TSE,49.0,20,Physics,M,11
ALEXANDER CHEN,49.0,20,Physics,M,12
ALEXANDER KWAN,62.0,19,Physics,M,13
ALEXIS GOLDNER,84.0,18,Physics,M,14
ALLEN TURPIN,84.0,21,Physics,F,15
ALSON LEE,78.0,20,Physics,M,16
ALVIN LAU,,18,Physics,M,17
AMEN CHOW,91.0,18,Physics,M,18
AMPARO RODRIGUEZ,87.0,18,Physics,M,19
AMY BROWN,62.0,18,Physics,F,20
AMY HART,78.0,18,Physics,M,21
ANA SAMPERA,62.0,18,Physics,M,22
ANDRE ANDREWS SR,71.0,18,Physics,M,23
ANDRE WILLIAMS,61.0,19,Physics,M,24
ANDREW LOGAN,87.0,20,Physics,F,25
ANDREW SAITZ,87.0,18,Physics,M,26
ANDY ZANOFF,49.0,20,Physics,M,27
ANGELA PLATZER,87.0,20,Physics,M,28
ANN MANNIX,84.0,21,Physics,M,29
ANNA BROWN,81.0,19,Physics,F,30
ANNE KRONENBERG,71.0,20,Physics,M,31
ANNETTE HOBRUCKER-PFEIFER,62.0,21,Physics,M,32
ANTHONY DUMONT,41.0,19,Physics,M,33
ANTHONY ROBINSON,94.0,18,Physics,M,34
ANTONIO FLORES,49.0,20,Physics,F,35
ANTONIO PARRA,61.0,19,Physics,M,36
ANTONIO SANTIAGO,49.0,18,Physics,M,37
ARNIE LEE,71.0,20,Physics,M,38
ARNOLD CHOY,41.0,18,Physics,M,39
ARTHUR BORGES,62.0,19,Physics,F,40
ARTHUR KENNEY,71.0,20,Physics,M,41
ARTHUR STELLINI,91.0,20,Physics,M,42
ATTICA BOWDEN,61.0,21,Physics,M,43
BARBARA GARCIA,81.0,18,Physics,M,44
BARBARA HALE,78.0,20,Physics,F,45
BARBARA SCHULTHEIS,61.0,21,Physics,M,46
BARRY BLOOM,81.0,21,Physics,M,47
BENJAMIN ROSENFIELD,78.0,18,Physics,M,48
BERGLIOTH MATHEWS,61.0,18,Physics,M,49
BERT REYES,62.0,19,Physics,F,50
BOND YEE,78.0,18,Physics,M,51
BONNIE TAYLOR,84.0,19,Physics,M,52
BRADEN WOODS,41.0,19,Physics,M,53
BRENDAN MCGORRIN,91.0,20,Physics,M,54
BRENDAN WARD,84.0,21,Physics,F,55
BRIAN DELAHUNTY,87.0,18,Physics,M,56
BRIAN MURPHY,49.0,20,Physics,M,57
BRIAN PHILPOTT,71.0,20,Physics,M,58
BRODERICK TOPPS,71.0,20,Physics,M,59
BRONWYN GUNDOGDU,91.0,18,Physics,F,60
BROOK MANCINELLI,84.0,19,Physics,M,61
BRYAN MAR,49.0,18,Physics,M,62
BRYAN RUBENSTEIN,78.0,20,Physics,M,63
BURK DELVENTHAL,78.0,18,Physics,M,64
C PETRUZZELLA,81.0,21,Physics,F,65
CANTREZ TRIPLETT,,21,Physics,M,66
CARL FABBRI,71.0,20,Physics,M,67
CARL JEPSEN,62.0,21,Physics,M,68
CARLOS GUTIERREZ,41.0,19,Physics,M,69
CATHERINE JAMES,71.0,20,Physics,F,70
CHAD LAW,49.0,20,Physics,M,71
CHARLES CRANE,61.0,21,Physics,M,72
CHARLES SCOTT,49.0,20,Physics,M,73
CHARLES STINSON,81.0,19,Physics,M,74
CHARLIE ORKES,78.0,18,Physics,F,75
CHRIS VEIN,91.0,20,Physics,M,76
CHRISTIANE HAYASHI,62.0,19,Physics,M,77
CHRISTINE WINKLER,49.0,20,Physics,M,78
CHRISTOPHER CHONG,61.0,18,Physics,M,79
CHRISTOPHER HAZEN,81.0,19,Physics,F,80
CHUTEH KOTAKE,84.0,19,Physics,M,81
CLEMENTINO AVILA II,91.0,18,Physics,M,82
CLYDE CHRISTOBAL,49.0,20,Physics,M,83
COLLEEN RILEY,41.0,19,Physics,M,84
CRISTINA REYES,41.0,21,Physics,F,85
CROCE CASCIATO,81.0,18,Physics,M,86
CURTIS LUM,90.0,19,Physics,M,87
DALE CARNES,81.0,21,Physics,M,88
DAMON HART,41.0,18,Physics,M,89
DANIEL ARMENTA,41.0,21,Physics,F,90
DANIEL COX,,19,Physics,M,91
DANIEL CUNNINGHAM,84.0,19,Physics,M,92
DANIEL DEDET,81.0,19,Physics,M,93
DANIEL MAHONEY,87.0,18,Physics,M,94
DANIEL MOLLOY,61.0,19,Physics,F,95
DANIEL SCDORIS,71.0,18,Physics,M,96
DANIEL YONTS,84.0,19,Physics,M,97
DARCY KELLER,91.0,18,Physics,M,98
DARREN CHOY,61.0,21,Physics,M,99
DARRYL HUNTER,61.0,19,Physics,F,100
DAVID BRIGGS,41.0,18,Physics,M,101
DAVID FRANKLIN,49.0,20,Physics,M,102
DAVID HAWKINS,91.0,18,Physics,M,103
DAVID KUSHNER,62.0,21,Physics,M,104
DAVID LAZAR,78.0,18,Physics,F,105
DAVID OWEN,61.0,19,Physics,M,106
DAVID PFEIFER,,21,Physics,M,107
DAVID SHINN,81.0,21,Physics,M,108
DAVID SULLIVAN,,19,Physics,M,109
DAVID THOMPSON,81.0,21,Physics,F,110
DAVID ZWYER,61.0,21,Physics,M,111
DEBBIE TAM,81.0,18,Physics,M,112
DEBORAH BORNE,84.0,19,Physics,M,113
DEBORAH JETER,41.0,19,Physics,M,114
DEBORAH LOGAN,91.0,20,Physics,F,115
DEBRA JOHNSON,84.0,21,Physics,M,116
DENIS JOYCE,71.0,18,Physics,M,117
DENIS OLEARY,49.0,20,Physics,M,118
DENISE BAILEY,78.0,20,Physics,M,119
DENISE NEWMAN,81.0,21,Physics,F,120
DENISE SCHMITT,87.0,18,Physics,M,121
DENNIS HERRERA,,18,Physics,M,122
DENNIS MARTINEZ,81.0,21,Physics,M,123
DENNIS O'NEILL,41.0,19,Physics,M,124
DENNIS SUTTER,49.0,18,Physics,F,125
DEREK WING,91.0,20,Physics,M,126
DERIO DITO,41.0,21,Physics,M,127
DIANA GUEVARA,71.0,20,Physics,M,128
DOMINIC CELAYA,62.0,21,Physics,M,129
DONALD BRYANT,71.0,18,Physics,F,130
DONALD FIELDS,62.0,18,Physics,M,131
DONALD MARGOLIS,71.0,20,Physics,M,132
DONALDSON SHUMPERT,49.0,18,Physics,M,133
DONNA LEE,81.0,18,Physics,M,134
DONNA MEIXNER,81.0,18,Physics,F,135
DONNIE HORNBUCKLE,61.0,21,Physics,M,136
DOUGLAS MCEACHERN,61.0,21,Physics,M,137
DOUGLAS RIBA,87.0,20,Physics,M,138
DUSTIN NOVO,81.0,21,Physics,M,139
DWAYNE CURRY,88.0,21,Physics,F,140
EDGAR CALLEJAS,78.0,18,Physics,M,141
EDGAR GONZALEZ,91.0,20,Physics,M,142
EDMUND DEA,81.0,18,Physics,M,143
EDMUND VAIL,62.0,18,Physics,M,144
EDUARDO GONZALEZ,84.0,21,Physics,F,145
EDWARD CAMPBELL,78.0,20,Physics,M,146
EDWARD CHEUNG,49.0,18,Physics,M,147
EDWARD CHU,84.0,19,Physics,M,148
EDWARD DELCARLO,41.0,18,Physics,M,149
EDWARD DENNIS,61.0,21,Physics,F,150
EDWARD HARRINGTON,91.0,18,Physics,M,151
EDWARD REISKIN,27.0,18,Physics,M,152
EDWARD ROLAND,62.0,18,Physics,M,153
EDWIN LEE,41.0,19,Physics,M,154
EHRHARDT GROOTHOFF,49.0,18,Physics,F,155
ELAINE COLEMAN,41.0,19,Physics,M,156
ELISA RAMIREZ,49.0,18,Physics,M,157
ELIZABETH JOHNSON,87.0,18,Physics,M,158
ELLEN APOLINARIO,81.0,19,Physics,M,159
ELLEN LEVIN,49.0,18,Physics,F,160
ELLEN MOFFATT,84.0,18,Physics,M,161
ERIBERTO ISON,81.0,18,Physics,M,162
ERIC CRANSTON,78.0,18,Physics,M,163
ERIKA HOO,81.0,19,Physics,M,164
ERNEST JOHNSON,41.0,18,Physics,F,165
EUGENE GALEANO,78.0,20,Physics,M,166
EVETTE GEER-STEVENS,87.0,18,Physics,M,167
FE HORTINELA,61.0,19,Physics,M,168
FERDINAND CADELINA,61.0,19,Physics,M,169
FERDINAND MENESES,71.0,18,Physics,F,170
FERNANDO DEALBA,84.0,18,Physics,M,171
FLAVIA BAYATI,61.0,18,Physics,M,172
FLOYD ROLLINS,49.0,20,Physics,M,173
FRANK CARDINALE,84.0,19,Physics,M,174
FRANK HSIEH,41.0,19,Physics,F,175
FRANK KOSTA,91.0,18,Physics,M,176
FREDERICK BINKLEY,71.0,18,Physics,M,177
FUAD SWEISS,49.0,20,Physics,M,178
GARRET TOM,49.0,18,Physics,M,179
GARY AMELIO,91.0,18,Physics,F,180
GARY CONSTANTINE,91.0,20,Physics,M,181
GARY JIMENEZ,81.0,19,Physics,M,182
GAVIN ESTUPINIAN,84.0,19,Physics,M,183
GEORGE FOURAS,84.0,19,Physics,M,184
GEORGE GARCIA,91.0,20,Physics,F,185
GEORGE GASCON,71.0,20,Physics,M,186
GEORGE LYSENKO,71.0,20,Physics,M,187
GERALD DARCY,91.0,20,Physics,M,188
GERALD MANSUR JR,87.0,20,Physics,M,189
GERARDO PINTO,78.0,18,Physics,F,190
GHODSI DAVARY,81.0,19,Physics,M,191
GLEN KOJIMOTO,87.0,18,Physics,M,192
GLENN KIRCHER,81.0,19,Physics,M,193
GLENN MAR,81.0,21,Physics,M,194
GLENN ORTIZ-SCHULDT,87.0,20,Physics,F,195
GLORIA GARCIA ORME,87.0,18,Physics,M,196
GRAD GREEN,81.0,21,Physics,M,197
GREGORY CACHARELIS,91.0,20,Physics,M,198
GREGORY CORRALES,84.0,21,Physics,M,199
GREGORY MAR,49.0,18,Physics,F,200
GREGORY MCFARLAND,62.0,18,Physics,M,201
GREGORY STANGLAND,87.0,20,Physics,M,202
GREGORY SUHR,41.0,19,Physics,M,203
GUY GOODWIN,81.0,19,Physics,M,204
HAGOP HAJIAN,78.0,18,Physics,F,205
HANS VIGIL,62.0,19,Physics,M,206
HARLAN KELLY-JR,71.0,20,Physics,M,207
HAROLD BYRD,71.0,18,Physics,M,208
HARRY PINKARD,91.0,18,Physics,M,209
HARVEY ELWIN,62.0,19,Physics,F,210
HENRY LARKIN,62.0,21,Physics,M,211
HERALIO SERRANO,84.0,19,Physics,M,212
HERBERT CARNEY,84.0,19,Physics,M,213
HERBERT HENLEY,71.0,18,Physics,M,214
IRENE SUNG,62.0,19,Physics,F,215
IVAR SATERO,69.0,19,Physics,M,216
JACK CHOW,78.0,20,Physics,M,217
JACKSON WONG,78.0,18,Physics,M,218
JALAL AINEB,41.0,19,Physics,M,219
JAMES BLAKE,91.0,18,Physics,F,220
JAMES BOSCH,62.0,19,Physics,M,221
JAMES CALONICO,81.0,21,Physics,M,222
JAMES DEIGNAN,78.0,18,Physics,M,223
JAMES DUDLEY,87.0,18,Physics,M,224
JAMES EMERY,81.0,21,Physics,F,225
JAMES FAZACKERLEY,91.0,20,Physics,M,226
JAMES FLORES,49.0,20,Physics,M,227
JAMES HARRIGAN,87.0,20,Physics,M,228
JAMES MILLER,41.0,19,Physics,M,229
JAMES SPILLANE,61.0,18,Physics,F,230
JAMES VANNUCCHI,71.0,20,Physics,M,231
JANET HINES,87.0,18,Physics,M,232
JASON PAW,49.0,20,Physics,M,233
JAY HUISH,49.0,18,Physics,M,234
JAY KLOO,49.0,18,Physics,F,235
JEFF COLUMBINI,91.0,18,Physics,M,236
JEFF IWASAKI,71.0,20,Physics,M,237
JEFFREY ADACHI,91.0,20,Physics,M,238
JEFFREY BARDEN,78.0,18,Physics,M,239
JEFFREY MYERS,49.0,18,Physics,F,240
JENNIFER DEBERRY,91.0,18,Physics,M,241
JENNIFER MATZ,71.0,20,Physics,M,242
JERRY COLEMAN,62.0,18,Physics,M,243
JESSE SMITH,87.0,20,Physics,M,244
JESUS PENA,87.0,20,Physics,F,245
JILL LECOUNT,81.0,18,Physics,M,246
JIM GIANG,71.0,20,Physics,M,247
JIM HALL III,62.0,18,Physics,M,248
JIMMIE LEW,71.0,20,Physics,M,249
JOANNE HAYES-WHITE,84.0,19,Physics,F,250
JOANNE HOEPER,84.0,18,Physics,M,251
JOHN BARKER,78.0,20,Physics,M,252
JOHN BRAGAGNOLO,61.0,18,Physics,M,253
JOHN BROWN,41.0,19,Physics,M,254
JOHN BUCHANAN JR,81.0,18,Physics,F,255
JOHN CAVANAUGH,61.0,19,Physics,M,256
JOHN CREMEN,71.0,20,Physics,M,257
JOHN EHRLICH,71.0,18,Physics,M,258
JOHN FEENEY,49.0,20,Physics,M,259
JOHN FLORES,41.0,18,Physics,F,260
JOHN GARRITY,87.0,18,Physics,M,261
JOHN GOLDBERG,91.0,18,Physics,M,262
JOHN HALEY JR,91.0,18,Physics,M,263
JOHN HANLEY,78.0,20,Physics,M,264
JOHN HART,49.0,18,Physics,F,265
JOHN HICKEY,62.0,21,Physics,M,266
JOHN KOSTA,41.0,19,Physics,M,267
JOHN LOFTUS,78.0,20,Physics,M,268
JOHN MARTIN,61.0,19,Physics,M,269
JOHN MURPHY,61.0,19,Physics,F,270
JOHN MURPHY,84.0,21,Physics,M,271
JOHN NESTOR,78.0,20,Physics,M,272
JOHN RAHAIM,91.0,18,Physics,M,273
JOHN ROCCO,49.0,20,Physics,M,274
JOHN SANFORD JR,87.0,18,Physics,F,275
JOHN STANFIELD,61.0,19,Physics,M,276
JOHN TURSI,61.0,19,Physics,M,277
JOHN VAN KOLL,87.0,18,Physics,M,278
JOHNSON YOU,62.0,18,Physics,M,279
JON WALTON,61.0,19,Physics,F,280
JONATHAN BAXTER,41.0,19,Physics,M,281
JONES WONG,87.0,20,Physics,M,282
JOSE CASTILLO,41.0,21,Physics,M,283
JOSE VELO,49.0,20,Physics,M,284
JOSEPH CUFF,71.0,18,Physics,F,285
JOSEPH DRISCOLL,49.0,18,Physics,M,286
JOSEPH FISCHER-III,91.0,18,Physics,M,287
JOSEPH FONG,91.0,18,Physics,M,288
JOSEPH MAYERS,81.0,19,Physics,M,289
JOSEPH WOODS,87.0,20,Physics,F,290
JOSEPHINE RAPADAS,62.0,19,Physics,M,291
JOSHUA BAMBERGER,91.0,20,Physics,M,292
JOSHUA KUMLI,84.0,19,Physics,M,293
JUDY MELINEK,81.0,19,Physics,M,294
JULIA M C FRIEDLANDER,62.0,18,Physics,F,295
JULIE LABONTE,91.0,20,Physics,M,296
JULIE VAN NOSTERN,87.0,18,Physics,M,297
JULIET ELLIS,91.0,20,Physics,M,298
JULIO ESCOBAR,81.0,18,Physics,M,299
JUNE CRAVET,87.0,18,Physics,F,300
KANDACE BENDER,60.0,19,Physics,M,301
KAREN ROYE,49.0,18,Physics,M,302
KARL JURGENSON,81.0,19,Physics,M,303
KATE HERRMAN STACY,62.0,21,Physics,M,304
KATHLEEN MAXWELL,49.0,20,Physics,F,305
KATHRYN BALLOU,78.0,20,Physics,M,306
KATHRYN FOWLER,71.0,18,Physics,M,307
KATHRYN HOW,71.0,18,Physics,M,308
KEITH SANFORD,60.0,19,Physics,M,309
KEN YEE,84.0,19,Physics,F,310
KENNETH CORDERO,87.0,20,Physics,M,311
KENNETH SMITH,71.0,18,Physics,M,312
KEVIN BARRY,62.0,21,Physics,M,313
KEVIN BURKE,78.0,18,Physics,M,314
KEVIN CASHMAN,41.0,21,Physics,F,315
KEVIN JONES,62.0,19,Physics,M,316
KEVIN KUHN,62.0,19,Physics,M,317
KEVIN LABANOWSKI,87.0,20,Physics,M,318
KEVIN SMITH,62.0,19,Physics,M,319
KEVIN TAYLOR,71.0,18,Physics,F,320
KHAIRUL ALI,87.0,20,Physics,M,321
KHOA TRINH,41.0,18,Physics,M,322
KIMIKO BURTON,71.0,18,Physics,M,323
KIRK RICHARDSON,71.0,20,Physics,M,324
KIRSTEN BARASH,61.0,21,Physics,F,325
L MILITELLO,62.0,19,Physics,M,326
LAN LEE,81.0,19,Physics,M,327
LARRY MITCHELL,61.0,21,Physics,M,328
LAUIFI SEUMAALA,91.0,20,Physics,M,329
LAURENCE RAMLAN,91.0,18,Physics,F,330
LAWRENCE FREED,91.0,18,Physics,M,331
LAWRENCE LEE,49.0,20,Physics,M,332
LAWRENCE NICHOLLS,62.0,19,Physics,M,333
LENETTE THOMPSON,62.0,18,Physics,M,334
LENORA JACOBS,49.0,20,Physics,F,335
LEON KUO,91.0,20,Physics,M,336
LEON WHITE,87.0,20,Physics,M,337
LEONARD BROBERG,61.0,19,Physics,M,338
LEONARDO FERMIN,84.0,18,Physics,M,339
LESLIE DUBBIN,84.0,21,Physics,F,340
LINDA ROSS,61.0,19,Physics,M,341
LISA GOLDEN,62.0,19,Physics,M,342
LISA HOFFMANN,62.0,21,Physics,M,343
LISETTE ADAMS,41.0,18,Physics,M,344
LORI BORGHI,84.0,21,Physics,F,345
LORRIE KALOS,91.0,20,Physics,M,346
LOUIS CASSANEGO,62.0,19,Physics,M,347
LUIS HERRERA,87.0,18,Physics,M,348
LUIS IBARRA-RIVERA,81.0,19,Physics,M,349
LYN TOMIOKA,61.0,19,Physics,F,350
MADONNA VALENCIA,71.0,18,Physics,M,351
MAGALY SAADE,27.0,18,Physics,M,352
MAMI SUZUKI-VIDALON,61.0,18,Physics,M,353
MANUEL PEGUEROS,91.0,18,Physics,M,354
MARGARET CALLAHAN,78.0,20,Physics,F,355
MARGARET HANNAFORD,78.0,18,Physics,M,356
MARGARET RYKOWSKI,61.0,18,Physics,M,357
MARIA BEE,84.0,21,Physics,M,358
MARISA MORET,71.0,18,Physics,M,359
MARK CASTAGNOLA,41.0,21,Physics,F,360
MARK GAMBLE,41.0,18,Physics,M,361
MARK GONZALES,71.0,20,Physics,M,362
MARK HERNANDEZ,84.0,19,Physics,M,363
MARK JOHNSON,81.0,19,Physics,M,364
MARK KEARNEY,62.0,19,Physics,F,365
MARK SENORES,62.0,18,Physics,M,366
MARK SMITH,71.0,20,Physics,M,367
MARK SOLOMON,71.0,20,Physics,M,368
MARTIEN VERHAEG,41.0,19,Physics,M,369
MARTIN BELTRAN,87.0,20,Physics,F,370
MARTIN GRAN,87.0,18,Physics,M,371
MARTIN HALLORAN,78.0,18,Physics,M,372
MARTIN LALOR JR,71.0,20,Physics,M,373
MARTY ROSS,87.0,20,Physics,M,374
MARY TSE,84.0,19,Physics,F,375
MASAE KAWAMURA,84.0,21,Physics,M,376
MATTHEW CANNON,62.0,19,Physics,M,377
MATTHEW MCNAUGHTON,91.0,18,Physics,M,378
MATTHEW ROTHSCHILD,41.0,18,Physics,M,379
MELANY BRANDON,49.0,20,Physics,F,380
MELISSA LERMA,87.0,20,Physics,M,381
MERCEDES GERMAN,71.0,18,Physics,M,382
MICHAEL AHERN,62.0,21,Physics,M,383
MICHAEL BELLO,62.0,19,Physics,M,384
MICHAEL BIEL,87.0,20,Physics,F,385
MICHAEL BROWNE,81.0,18,Physics,M,386
MICHAEL BRYANT,78.0,20,Physics,M,387
MICHAEL CARLIN,62.0,19,Physics,M,388
MICHAEL CASTAGNOLA,71.0,18,Physics,M,389
MICHAEL COLEMAN,87.0,18,Physics,F,390
MICHAEL CONNOLLY,41.0,19,Physics,M,391
MICHAEL DALY,78.0,20,Physics,M,392
MICHAEL DELANE,87.0,20,Physics,M,393
MICHAEL DRENNAN,71.0,18,Physics,M,394
MICHAEL DUDOROFF,78.0,20,Physics,F,395
MICHAEL ELLIS,91.0,20,Physics,M,396
MICHAEL GONZALES,84.0,19,Physics,M,397
MICHAEL HENNESSEY,61.0,19,Physics,M,398
MICHAEL KEARNEY,81.0,21,Physics,M,399
MICHAEL MORRIS,87.0,18,Physics,F,400
MICHAEL MOYNIHAN,87.0,20,Physics,M,401
MICHAEL PHILPOTT,49.0,20,Physics,M,402
MICHAEL QUAN,91.0,20,Physics,M,403
MICHAEL ROLOVICH,91.0,18,Physics,M,404
MICHAEL SIMMONS,49.0,18,Physics,F,405
MICHAEL SMITH,41.0,19,Physics,M,406
MICHAEL THOMPSON,71.0,18,Physics,M,407
MICHAEL THOMPSON,61.0,18,Physics,M,408
MICHAEL WALSH,41.0,19,Physics,M,409
MICHAEL WHOOLEY,78.0,18,Physics,F,410
MIKAIL ALI,78.0,18,Physics,M,411
MIKE BREILING,62.0,19,Physics,M,412
MILTON ESTES,61.0,21,Physics,M,413
MIRIAM DAMON,62.0,19,Physics,M,414
MITCHELL LEE,91.0,18,Physics,F,415
MIVIC HIROSE,41.0,21,Physics,M,416
MOHAMMED NURU,61.0,19,Physics,M,417
MONICA FIELDS,57.0,19,Physics,M,418
MONIQUE MOYER,61.0,19,Physics,M,419
MONIQUE ZMUDA,81.0,18,Physics,F,420
MORGAN PETITI,71.0,18,Physics,M,421
MYO CHANG,78.0,20,Physics,M,422
NANCY LEW,78.0,20,Physics,M,423
NANCY PARKER,62.0,21,Physics,M,424
NATHAN HARDY,81.0,19,Physics,F,425
NATHANIEL FORD,71.0,18,Physics,M,426
NEIL SWENDSEN,87.0,20,Physics,M,427
NELA PONFERRADA,61.0,19,Physics,M,428
NELSON ACETO,78.0,20,Physics,M,429
NEREE DASTOUS,41.0,18,Physics,F,430
NICHOLAS COLANGELO,91.0,20,Physics,M,431
NICOL JURATOVAC,84.0,18,Physics,M,432
NICOLETTE DIVECCHIO,49.0,18,Physics,M,433
NIKOLAS LEMOS,78.0,18,Physics,M,434
NOEL MORONEY,62.0,19,Physics,F,435
NOREEN AMBROSE,87.0,20,Physics,M,436
OLLIE BANKS,41.0,18,Physics,M,437
OSCAR CABRERA,49.0,18,Physics,M,438
OWEN CLEMENTS,81.0,19,Physics,M,439
PABLO SIGUENZA,87.0,18,Physics,F,440
PATRIC STEELE,49.0,18,Physics,M,441
PATRICIA CARR,84.0,19,Physics,M,442
PATRICIA JACKSON,81.0,18,Physics,M,443
PATRICIA O'CONNER,41.0,19,Physics,M,444
PATRICK GARDNER,49.0,18,Physics,F,445
PATRICK MULLANEY,71.0,20,Physics,M,446
PAUL CHIGNELL,81.0,19,Physics,M,447
PAUL HENDERSON,62.0,19,Physics,M,448
PAUL LEE,78.0,20,Physics,M,449
PAUL URQUIAGA,81.0,19,Physics,F,450
PAULINE MARX,78.0,20,Physics,M,451
PERRY LEONG,78.0,18,Physics,M,452
PETE FAY JR,91.0,18,Physics,M,453
PETER THOSHINSKY,81.0,19,Physics,M,454
PHILIP GINSBURG,71.0,20,Physics,F,455
PHILIP PERA,87.0,20,Physics,M,456
PHILIP STEVENS,91.0,18,Physics,M,457
PIERRE FRANCOIS,91.0,20,Physics,M,458
PIERRE MARTINEZ,49.0,18,Physics,M,459
RAEMONA WILLIAMS,81.0,18,Physics,F,460
RAJIV BHATIA,91.0,20,Physics,M,461
RANDY LY,61.0,19,Physics,M,462
RANDY MANNING,87.0,20,Physics,M,463
RASMI CHAN,71.0,20,Physics,M,464
RAUL FRANCISCO,45.0,21,Physics,F,465
RAY CRAWFORD,49.0,20,Physics,M,466
RAYMOND CHAVEZ,84.0,21,Physics,M,467
RAYMOND GUZMAN,62.0,18,Physics,M,468
RAYMOND KOENIG,49.0,18,Physics,M,469
REGINA GOMEZ,78.0,18,Physics,F,470
RENEE MARQUARDT,78.0,18,Physics,M,471
REX HALE,49.0,20,Physics,M,472
RICHARD BUSALACCHI,81.0,21,Physics,M,473
RICHARD CORRIEA,41.0,21,Physics,M,474
RICHARD CURRIE,87.0,20,Physics,F,475
RICHARD ELLIOTT,78.0,20,Physics,M,476
RICHARD PARRY,41.0,19,Physics,M,477
RICHARD UNTALAN,71.0,18,Physics,M,478
RICHARD VAN KOLL,91.0,18,Physics,M,479
RICHARD ZERCHER,84.0,21,Physics,F,480
RICKY HUI,84.0,19,Physics,M,481
ROBERT BONNET,81.0,18,Physics,M,482
ROBERT BRYAN,78.0,20,Physics,M,483
ROBERT CHIN,62.0,19,Physics,M,484
ROBERT COLEMAN,84.0,18,Physics,F,485
ROBERT GALLOT,87.0,20,Physics,M,486
ROBERT GUILLERMO,91.0,20,Physics,M,487
ROBERT KAPROSCH,71.0,18,Physics,M,488
ROBERT LOPEZ,71.0,18,Physics,M,489
ROBERT MAERZ,49.0,20,Physics,F,490
ROBERT MUHAMMAD,84.0,18,Physics,M,491
ROBERT POSTEL,78.0,20,Physics,M,492
ROBERT SERRANO,84.0,19,Physics,M,493
ROBERT SHAW,87.0,20,Physics,M,494
ROBERT STYLES,71.0,18,Physics,F,495
ROBERT TAI,71.0,18,Physics,M,496
ROBERT VELARDE,87.0,18,Physics,M,497
ROBERT WINSLOW,81.0,19,Physics,M,498
ROLAND PICKENS,84.0,18,Physics,M,499
RONALD PRUYN,49.0,18,Physics,F,500
ROSE QUINONES,49.0,20,Physics,M,501
ROSELYN JEQUINTO,61.0,18,Physics,M,502
ROSEMARY LEE,87.0,18,Physics,M,503
ROWENA PATEL,87.0,18,Physics,M,504
RUBY MARTIN,41.0,19,Physics,F,505
RUDOLPH ERLER,62.0,21,Physics,M,506
RUDY CASTELLANOS,62.0,21,Physics,M,507
RYAN CREAN,49.0,18,Physics,M,508
RYAN KENNEDY,61.0,19,Physics,M,509
SAHIR PUTRUS,49.0,18,Physics,F,510
SAM YUEN,87.0,18,Physics,M,511
SAMSON LAI,78.0,20,Physics,M,512
SAMUEL NIETO,41.0,19,Physics,M,513
SAMUEL ROMERO,61.0,19,Physics,M,514
SANDRA HUANG,61.0,18,Physics,F,515
SANDRA TONG,49.0,18,Physics,M,516
SARAH CARY,78.0,18,Physics,M,517
SCOTT SCHOLZEN,84.0,19,Physics,M,518
SEAN BONETTI,91.0,20,Physics,M,519
SEBASTIAN WONG,60.0,19,Physics,F,520
SHANNON SAKOWSKI,78.0,20,Physics,M,521
SHARON FERRIGNO,41.0,19,Physics,M,522
SHARON MCCOLE WICHER,49.0,18,Physics,M,523
SHARON WOO,41.0,21,Physics,M,524
SHELLEY MITCHELL,81.0,19,Physics,F,525
SIU-KWAN CHOW,87.0,18,Physics,M,526
SOFIA MATHEWS,71.0,20,Physics,M,527
SONALI BOSE,84.0,18,Physics,M,528
STEPHEN TACCHINI,41.0,19,Physics,M,529
STEPHEN TITTEL,84.0,19,Physics,F,530
STEVEN MANNINA,41.0,18,Physics,M,531
STEVEN RITCHIE,61.0,21,Physics,M,532
STEVEN WILLIAMS,41.0,21,Physics,M,533
STEVEN WOZNIAK,84.0,21,Physics,M,534
SURINDERJEET BAJWA,91.0,20,Physics,F,535
SUSAN BUCHBINDER,91.0,20,Physics,M,536
SUSAN CURRIN,78.0,18,Physics,M,537
SUSAN FERNYAK,61.0,19,Physics,M,538
SUSAN GARRETT,87.0,18,Physics,M,539
SUSAN ILNICKI,61.0,18,Physics,F,540
TANGERINE BRIGHAM,62.0,21,Physics,M,541
TED YAMASAKI,91.0,18,Physics,M,542
TERENCE OSULLIVAN,78.0,18,Physics,M,543
TERESA BARRETT,71.0,20,Physics,M,544
THERESA DENTONI,78.0,20,Physics,F,545
THERESA LEE,81.0,19,Physics,M,546
THERESA MUELLER,61.0,19,Physics,M,547
THERESE STEWART,84.0,18,Physics,M,548
THOMAS ABBOTT,81.0,19,Physics,M,549
THOMAS ALDANA,78.0,20,Physics,F,550
THOMAS BIBER,78.0,18,Physics,M,551
THOMAS BUSBY,87.0,18,Physics,M,552
THOMAS CLEARY,81.0,19,Physics,M,553
THOMAS CUNNANE,61.0,21,Physics,M,554
THOMAS HARVEY,62.0,19,Physics,F,555
THOMAS KOHMANN,78.0,18,Physics,M,556
THOMAS MURPHY,62.0,19,Physics,M,557
THOMAS REY,61.0,19,Physics,M,558
THOMAS SHAWYER,87.0,18,Physics,M,559
THOMAS SIRAGUSA,91.0,20,Physics,F,560
TIM AREJA,62.0,18,Physics,M,561
TIMOTHY SINCLAIR,49.0,20,Physics,M,562
TIMOTHY SULLIVAN,61.0,19,Physics,M,563
TODD RYDSTROM,41.0,18,Physics,M,564
TOMAS ARAGON,61.0,21,Physics,F,565
TONEY CHAPLIN,61.0,18,Physics,M,566
TRENT RHORER,62.0,21,Physics,M,567
TROY JOLLIFF,49.0,18,Physics,M,568
TROY WILLIAMS,91.0,20,Physics,M,569
TRYG MCCOY,61.0,19,Physics,F,570
TUAMELIE MOALA,41.0,19,Physics,M,571
TYRONE PRUITT,78.0,20,Physics,M,572
TYRONNE JULIAN,49.0,18,Physics,M,573
VALERIE AGARD,81.0,18,Physics,M,574
VALERIE INOUYE,71.0,20,Physics,F,575
VAN LY,81.0,21,Physics,M,576
VENUS AZAR,71.0,18,Physics,M,577
VERNONICA JONES,81.0,19,Physics,M,578
VICKI CLAYTON,78.0,18,Physics,M,579
VICTOR WYRSCH,61.0,21,Physics,F,580
VINCENT DAVIS,91.0,18,Physics,M,581
VINCENT PAMPANIN,87.0,20,Physics,M,582
VIVIAN DAY,41.0,21,Physics,M,583
WAYNE SNODGRASS,91.0,18,Physics,M,584
WENDY STILL,87.0,18,Physics,F,585
WHITNEY YEE,49.0,20,Physics,M,586
WILLIAM MCFARLAND,81.0,19,Physics,M,587
WILLIAM MCFARLAND,41.0,18,Physics,M,588
WILLIAM MULKEEN,84.0,19,Physics,M,589
WILLIAM RADER,78.0,20,Physics,F,590
WILLIAM ROUALDES,61.0,19,Physics,M,591
WILLIAM SCOTT,84.0,19,Physics,M,592
WILLIAM SIFFERMANN,87.0,20,Physics,M,593
WING CHAN,84.0,19,Physics,M,594
WING NG,41.0,19,Physics,F,595
YIFANG QIAN,71.0,18,Physics,M,596
ZACHARY PUMPHREY,49.0,20,Physics,M,597
ZEBA IMAN NAZEERI-SIMMONS,71.0,20,Physics,M,598
ZHI JIAR ZHUANG,69.0,19,Physics,M,599
